filename,dairy,egg,fleshy fruit,fungi,grain/grass,honey,insect,invertebrate,legume,meat,poultry,reptile,seafood,seaweed,vegetable/herb
ADNI_Go2_P01_A01.mzXML,371,43,1842,35,379,32,0,24,131,419,64,0,326,36,757
ADNI_Go2_P01_A02.mzXML,599,49,1758,37,351,31,0,25,142,525,66,0,354,33,732
ADNI_Go2_P01_A03.mzXML,534,46,1824,36,375,36,0,0,171,451,60,0,331,0,875
ADNI_Go2_P01_A04.mzXML,562,51,1967,48,418,32,0,33,214,560,68,0,386,33,892
ADNI_Go2_P01_A05.mzXML,694,50,2067,46,411,30,0,32,193,697,81,0,420,33,807
ADNI_Go2_P01_A06.mzXML,761,40,1790,41,333,33,0,33,172,584,66,0,369,0,741
ADNI_Go2_P01_A07.mzXML,820,83,2263,59,518,41,26,41,231,765,88,28,635,42,1063
ADNI_Go2_P01_A08.mzXML,646,53,1807,44,398,32,0,31,200,587,65,0,414,28,876
ADNI_Go2_P01_A09.mzXML,577,49,1841,43,373,33,0,29,193,540,69,0,367,32,771
ADNI_Go2_P01_A10.mzXML,821,52,2074,50,447,37,0,0,177,673,79,0,412,34,884
ADNI_Go2_P01_A11.mzXML,654,43,1870,37,391,38,0,0,144,511,74,0,320,37,785
ADNI_Go2_P01_A12.mzXML,761,50,1932,45,403,34,0,31,200,672,77,0,406,37,813
ADNI_Go2_P01_B01.mzXML,364,35,1619,25,283,28,0,0,92,349,49,0,251,31,574
ADNI_Go2_P01_B02.mzXML,709,39,1578,33,318,33,0,0,144,526,66,0,336,31,691
ADNI_Go2_P01_B03.mzXML,488,36,1649,26,290,28,0,24,126,472,63,0,273,32,569
ADNI_Go2_P01_B04.mzXML,667,52,2065,40,406,40,0,0,200,539,69,0,375,0,935
ADNI_Go2_P01_B05.mzXML,795,67,2243,55,488,43,0,40,234,725,83,0,484,40,1064
ADNI_Go2_P01_B06.mzXML,673,50,1912,44,400,35,0,0,175,564,67,0,365,33,854
ADNI_Go2_P01_B07.mzXML,646,53,1920,42,403,39,0,0,198,536,70,0,398,0,923
ADNI_Go2_P01_B08.mzXML,721,49,1847,46,394,31,0,31,173,664,74,0,389,33,783
ADNI_Go2_P01_B09.mzXML,607,51,1619,39,376,27,0,29,184,574,62,0,376,31,728
ADNI_Go2_P01_B10.mzXML,748,53,1920,47,455,32,0,33,196,633,75,0,403,33,832
ADNI_Go2_P01_B11.mzXML,593,47,1817,37,377,30,0,26,156,573,71,0,358,31,733
ADNI_Go2_P01_B12.mzXML,598,43,1786,30,351,31,0,0,133,518,67,0,287,34,654
ADNI_Go2_P01_C01.mzXML,349,39,1672,28,309,29,0,0,100,364,53,0,265,37,633
ADNI_Go2_P01_C02.mzXML,617,55,2047,51,512,39,0,39,243,592,74,0,413,41,959
ADNI_Go2_P01_C03.mzXML,723,59,2232,49,466,46,0,39,217,720,83,0,454,41,903
ADNI_Go2_P01_C04.mzXML,537,54,1340,33,294,25,0,26,139,588,61,0,523,30,553
ADNI_Go2_P01_C05.mzXML,512,45,1894,43,399,34,0,32,168,503,71,0,363,37,783
ADNI_Go2_P01_C06.mzXML,603,43,1822,0,348,0,0,0,130,513,65,0,290,35,673
ADNI_Go2_P01_C07.mzXML,914,65,2399,48,500,49,0,38,236,731,79,0,501,37,1034
ADNI_Go2_P01_C08.mzXML,709,60,2208,47,501,42,0,0,235,657,75,0,417,38,994
ADNI_Go2_P01_C09.mzXML,659,45,1859,40,389,31,0,0,168,523,68,0,348,29,823
ADNI_Go2_P01_C10.mzXML,626,56,1945,38,412,31,0,30,193,576,73,0,492,34,815
ADNI_Go2_P01_C11.mzXML,771,74,2409,57,553,46,0,41,231,670,80,0,486,42,1164
ADNI_Go2_P01_C12.mzXML,792,50,1986,48,421,38,0,0,180,668,77,0,416,34,896
ADNI_Go2_P01_D01.mzXML,455,52,1917,42,441,39,0,0,153,476,73,0,371,42,895
ADNI_Go2_P01_D02.mzXML,808,54,2008,46,417,37,0,0,175,660,75,0,427,33,906
ADNI_Go2_P01_D03.mzXML,656,55,1913,44,463,34,0,29,175,579,67,0,362,33,883
ADNI_Go2_P01_D04.mzXML,615,50,1809,0,401,0,0,0,161,518,65,0,318,0,780
ADNI_Go2_P01_D05.mzXML,624,42,1818,38,364,0,0,0,130,519,69,0,326,0,736
ADNI_Go2_P01_D06.mzXML,574,35,1397,28,263,28,0,0,91,451,55,0,271,0,614
ADNI_Go2_P01_D07.mzXML,675,40,1722,0,347,0,0,0,183,539,66,0,337,0,740
ADNI_Go2_P01_D08.mzXML,663,47,1835,39,356,31,0,0,145,550,67,0,361,32,727
ADNI_Go2_P01_D09.mzXML,707,56,2001,44,499,38,0,0,212,580,67,0,391,0,945
ADNI_Go2_P01_D10.mzXML,651,49,2127,46,450,37,0,0,170,582,74,0,355,39,900
ADNI_Go2_P01_D11.mzXML,684,52,1965,44,408,36,0,0,156,642,76,0,379,41,822
ADNI_Go2_P01_D12.mzXML,777,64,2462,56,521,48,26,39,229,716,87,0,501,41,1066
ADNI_Go2_P01_E01.mzXML,391,43,1897,38,395,33,0,25,145,433,62,0,322,35,774
ADNI_Go2_P01_E02.mzXML,661,40,1550,33,305,30,0,0,125,515,68,0,314,30,652
ADNI_Go2_P01_E03.mzXML,500,37,1533,29,335,29,0,0,126,449,60,0,286,32,597
ADNI_Go2_P01_E04.mzXML,776,51,1924,42,401,38,0,28,172,612,73,0,383,29,825
ADNI_Go2_P01_E05.mzXML,725,59,2129,42,437,44,0,0,189,545,69,0,391,0,1008
ADNI_Go2_P01_E06.mzXML,663,43,1966,49,418,35,0,34,171,597,76,0,407,35,806
ADNI_Go2_P01_E07.mzXML,638,49,1819,39,389,31,0,28,181,564,71,0,372,33,757
ADNI_Go2_P01_E08.mzXML,487,34,1394,27,278,21,0,22,114,473,58,0,281,27,508
ADNI_Go2_P01_E09.mzXML,580,42,1648,37,376,0,0,0,178,564,63,0,342,32,728
ADNI_Go2_P01_E10.mzXML,760,63,2088,46,479,40,0,33,179,582,70,0,383,34,982
ADNI_Go2_P01_E11.mzXML,694,56,1950,45,470,36,0,0,193,574,70,0,387,35,915
ADNI_Go2_P01_E12.mzXML,639,49,1794,35,357,37,0,31,147,520,65,0,313,34,772
ADNI_Go2_P01_F01.mzXML,409,48,1977,38,420,36,0,27,150,470,68,0,347,40,813
ADNI_Go2_P01_F02.mzXML,616,48,2090,37,408,36,0,0,168,559,76,0,354,34,800
ADNI_Go2_P01_F03.mzXML,724,48,1914,42,388,31,0,28,163,616,79,0,379,33,739
ADNI_Go2_P01_F04.mzXML,693,50,1818,47,434,35,0,32,196,603,80,0,393,38,874
ADNI_Go2_P01_F05.mzXML,647,55,2191,44,465,34,0,35,207,650,79,0,411,36,864
ADNI_Go2_P01_F06.mzXML,869,67,2185,53,525,40,0,38,253,717,84,0,458,39,1033
ADNI_Go2_P01_F07.mzXML,650,62,2398,57,564,40,0,40,246,647,78,0,464,40,1070
ADNI_Go2_P01_F08.mzXML,494,39,1679,0,319,30,0,0,144,450,65,0,284,32,613
ADNI_Go2_P01_F09.mzXML,558,40,1698,31,313,33,0,0,139,472,59,0,291,32,689
ADNI_Go2_P01_F10.mzXML,778,61,2236,54,475,41,0,41,205,698,86,0,432,45,960
ADNI_Go2_P01_F11.mzXML,581,36,1453,33,298,0,0,0,107,497,61,0,302,29,632
ADNI_Go2_P01_F12.mzXML,548,39,1774,33,381,27,0,24,126,475,63,0,297,32,653
ADNI_Go2_P01_G01.mzXML,393,46,1825,40,421,32,0,27,152,453,69,0,352,38,792
ADNI_Go2_P01_G02.mzXML,686,48,1833,41,364,32,0,26,156,582,75,0,367,33,742
ADNI_Go2_P01_G03.mzXML,761,56,2209,55,508,39,31,36,228,724,89,0,468,39,988
ADNI_Go2_P01_G04.mzXML,741,61,2299,49,509,39,0,36,216,649,86,0,415,41,987
ADNI_Go2_P01_G05.mzXML,753,59,2293,56,534,41,0,37,258,699,86,0,488,38,1035
ADNI_Go2_P01_G06.mzXML,679,48,1984,43,423,36,0,0,198,544,66,0,376,0,907
ADNI_Go2_P01_G07.mzXML,599,48,2032,42,414,40,0,0,179,552,73,0,364,38,889
ADNI_Go2_P01_G08.mzXML,578,38,1562,31,318,29,0,0,94,465,60,0,276,31,638
ADNI_Go2_P01_G09.mzXML,679,38,1558,36,319,30,0,0,111,508,63,0,299,31,632
ADNI_Go2_P01_G10.mzXML,658,46,1947,45,415,39,0,30,163,613,79,0,384,38,787
ADNI_Go2_P01_G11.mzXML,808,52,1958,45,383,38,0,0,169,645,77,0,417,36,862
ADNI_Go2_P01_G12.mzXML,710,41,1902,38,355,32,0,0,98,543,73,0,324,31,711
ADNI_Go2_P01_H01.mzXML,361,35,1594,24,288,28,0,0,84,351,54,0,253,31,556
ADNI_Go2_P01_H02.mzXML,812,61,1967,40,410,42,0,29,154,582,66,0,396,29,957
ADNI_Go2_P01_H03.mzXML,748,51,2013,42,390,35,0,0,164,618,73,0,376,32,832
ADNI_Go2_P01_H04.mzXML,958,75,2505,63,540,57,0,43,232,766,89,0,514,41,1302
ADNI_Go2_P01_H05.mzXML,290,31,1186,0,238,25,0,0,66,277,38,0,213,25,578
ADNI_Go2_P01_H06.mzXML,649,33,1556,36,298,28,0,0,105,494,61,0,293,0,635
ADNI_Go2_P01_H07.mzXML,602,41,1771,36,352,36,0,0,164,502,62,0,340,33,741
ADNI_Go2_P01_H08.mzXML,659,55,2102,39,394,42,0,0,155,533,65,0,364,33,905
ADNI_Go2_P01_H09.mzXML,624,47,1970,47,414,35,0,35,206,600,82,0,398,38,813
ADNI_Go2_P01_H10.mzXML,463,44,1636,0,308,33,0,0,108,360,52,0,253,29,692
ADNI_Go2_P01_H11.mzXML,641,44,1521,35,320,32,0,27,118,519,66,0,315,30,684
ADNI_Go2_P01_H12.mzXML,636,57,2159,42,434,44,0,31,153,577,71,0,411,35,878
Blank_Inj_P01_01.mzXML,748,0,1755,0,434,0,0,0,142,382,60,0,299,0,989
Blank_Inj_P01_02.mzXML,387,33,1285,0,282,0,0,0,73,302,47,0,235,0,667
Blank_Inj_P01_03.mzXML,372,34,1303,0,267,31,0,0,71,298,43,0,233,0,665
Blank_Inj_P01_04.mzXML,297,32,1148,0,249,25,0,0,69,280,41,0,221,26,578
Blank_Inj_P01_05.mzXML,295,34,1253,0,245,28,0,0,68,292,41,0,231,27,604
Blank_Inj_P01_06.mzXML,345,35,1386,0,276,0,0,0,83,311,47,0,250,0,676
Blank_Inj_P01_07.mzXML,290,35,1212,0,243,26,0,0,70,282,44,0,215,26,597
Blank_Inj_P01_08.mzXML,185,24,996,16,198,16,0,0,58,246,29,0,172,22,408
Blank_Inj_P01_09.mzXML,290,31,1174,0,239,25,0,0,66,275,38,0,213,25,577
Blank_Inj_P01_10.mzXML,269,31,1164,0,239,23,0,0,68,274,39,0,207,25,556
Blank_Inj_P01_11.mzXML,261,32,1234,0,247,0,0,0,69,289,41,0,220,27,569
Blank_Inj_P01_12.mzXML,262,31,1129,0,233,23,0,0,65,272,38,0,207,25,547
Blank_Inj_P01_13.mzXML,281,33,1234,0,249,27,0,0,72,286,41,0,211,0,584
Blank_Inj_P01_14.mzXML,289,31,1224,0,245,0,0,0,66,283,39,0,219,0,588
Blank_Inj_P01_15.mzXML,267,33,1195,0,238,24,0,0,61,285,41,0,212,26,555
Blank_Inj_P01_16.mzXML,286,31,1189,0,238,25,0,0,66,275,38,0,217,25,571
Blank_Inj_P01_17.mzXML,271,34,1173,0,239,26,0,0,68,289,41,0,233,27,566
Blank_Inj_P01_18.mzXML,202,29,1073,18,214,19,0,0,62,268,37,0,211,25,446
Blank_Inj_P01_19.mzXML,265,31,1162,0,234,23,0,0,66,275,38,0,226,25,553
QC_Mix_P01_01_Start.mzXML,711,0,2245,57,523,0,0,0,193,436,69,0,396,0,1176
QC_Mix_P01_02_Middle.mzXML,483,48,2006,47,462,43,0,0,172,422,67,0,350,44,997
QC_Mix_P01_03_End.mzXML,527,44,2203,47,462,38,0,0,188,416,63,0,353,43,944
ADNI_Go2_P02_A01.mzXML,430,0,1273,0,272,0,0,0,74,296,43,0,247,0,700
ADNI_Go2_P02_A02.mzXML,861,39,1876,42,354,39,0,0,148,581,73,0,353,0,763
ADNI_Go2_P02_A03.mzXML,978,58,2191,62,511,55,0,0,231,675,88,0,476,0,1186
ADNI_Go2_P02_A04.mzXML,610,38,1587,0,297,0,0,0,113,492,60,0,306,0,668
ADNI_Go2_P02_A05.mzXML,701,50,2025,45,430,41,0,0,207,581,78,0,402,39,934
ADNI_Go2_P02_A06.mzXML,834,57,2100,54,494,46,0,0,209,635,83,0,428,0,1037
ADNI_Go2_P02_A07.mzXML,591,39,1675,0,313,34,0,0,139,442,58,0,303,0,695
ADNI_Go2_P02_A08.mzXML,856,0,1873,0,366,42,0,0,166,567,73,0,362,0,832
ADNI_Go2_P02_A09.mzXML,843,45,2174,51,449,46,0,0,182,613,77,0,395,0,989
ADNI_Go2_P02_A10.mzXML,834,56,2085,50,454,41,0,0,199,651,78,0,400,33,950
ADNI_Go2_P02_A11.mzXML,748,47,1847,38,387,39,0,0,178,555,72,0,364,0,787
ADNI_Go2_P02_A12.mzXML,760,50,1984,46,423,42,0,0,164,570,83,0,418,39,924
ADNI_Go2_P02_B01.mzXML,471,42,1756,0,321,38,0,0,114,374,57,0,288,0,734
ADNI_Go2_P02_B02.mzXML,798,52,1994,42,415,0,0,0,179,581,70,0,352,0,854
ADNI_Go2_P02_B03.mzXML,759,40,1787,39,355,39,0,0,140,518,79,0,327,0,796
ADNI_Go2_P02_B04.mzXML,647,51,2073,47,441,44,0,0,203,554,76,0,398,0,1005
ADNI_Go2_P02_B05.mzXML,852,48,2018,0,387,0,0,0,189,651,77,0,400,0,903
ADNI_Go2_P02_B06.mzXML,682,0,1826,0,344,0,0,0,132,467,69,0,314,0,796
ADNI_Go2_P02_B07.mzXML,708,40,1735,37,322,37,0,0,141,519,63,0,348,32,728
ADNI_Go2_P02_B08.mzXML,855,51,1990,47,399,40,0,0,174,590,71,0,387,0,945
ADNI_Go2_P02_B09.mzXML,698,0,1658,0,341,0,0,0,130,450,58,0,298,0,817
ADNI_Go2_P02_B10.mzXML,542,34,1342,28,270,29,0,0,129,467,59,0,287,29,579
ADNI_Go2_P02_B11.mzXML,797,40,1816,0,352,37,0,0,151,558,70,0,349,0,736
ADNI_Go2_P02_B12.mzXML,808,0,1751,0,338,0,0,0,146,510,66,0,326,0,792
ADNI_Go2_P02_C01.mzXML,523,42,1798,0,355,0,0,0,116,381,61,0,299,0,822
ADNI_Go2_P02_C02.mzXML,670,44,1930,0,344,0,0,0,133,480,61,0,311,0,800
ADNI_Go2_P02_C03.mzXML,764,52,2017,50,421,44,0,0,210,579,77,0,409,38,940
ADNI_Go2_P02_C04.mzXML,699,40,1633,0,328,36,0,0,129,487,66,0,315,0,715
ADNI_Go2_P02_C05.mzXML,749,46,1969,39,404,38,0,0,195,622,72,0,385,35,804
ADNI_Go2_P02_C06.mzXML,760,43,1871,37,349,0,0,0,163,566,71,0,319,0,772
ADNI_Go2_P02_C07.mzXML,806,47,2110,0,373,44,0,0,164,576,73,0,362,0,846
ADNI_Go2_P02_C08.mzXML,564,38,1572,0,294,33,0,0,126,424,55,0,269,0,664
ADNI_Go2_P02_C09.mzXML,637,35,1551,33,300,37,0,0,114,478,61,0,291,0,711
ADNI_Go2_P02_C10.mzXML,888,65,2455,56,515,47,0,0,231,686,88,0,477,0,1169
ADNI_Go2_P02_C11.mzXML,738,40,1858,36,337,40,0,0,131,528,74,0,326,0,747
ADNI_Go2_P02_C12.mzXML,750,40,1758,0,318,38,0,0,122,488,63,0,322,0,716
ADNI_Go2_P02_D01.mzXML,559,0,1889,0,346,0,0,0,108,377,60,0,272,0,802
ADNI_Go2_P02_D02.mzXML,803,56,2241,57,508,50,0,0,221,642,81,0,447,0,1068
ADNI_Go2_P02_D03.mzXML,693,48,1973,46,403,38,0,0,179,565,75,0,382,38,882
ADNI_Go2_P02_D04.mzXML,672,39,1702,36,300,0,0,0,103,493,63,0,304,0,674
ADNI_Go2_P02_D05.mzXML,740,42,1781,38,367,35,0,0,158,514,62,0,327,0,744
ADNI_Go2_P02_D06.mzXML,712,40,1581,38,306,34,0,0,120,528,63,0,321,0,693
ADNI_Go2_P02_D07.mzXML,608,47,2017,43,396,36,0,29,164,574,79,0,378,40,774
ADNI_Go2_P02_D08.mzXML,703,34,1639,36,313,31,0,0,108,529,67,0,301,29,638
ADNI_Go2_P02_D09.mzXML,595,40,1814,0,345,37,0,0,163,513,64,0,315,0,759
ADNI_Go2_P02_D10.mzXML,806,40,1833,39,351,39,0,0,125,560,73,0,348,0,788
ADNI_Go2_P02_D11.mzXML,766,57,2194,48,450,46,0,0,177,607,83,0,407,40,989
ADNI_Go2_P02_D12.mzXML,598,42,1665,36,340,33,0,0,153,509,57,0,327,32,734
ADNI_Go2_P02_E01.mzXML,401,32,1476,0,258,28,0,0,80,300,41,0,216,0,606
ADNI_Go2_P02_E02.mzXML,743,41,1804,37,343,40,0,0,144,527,72,0,346,0,764
ADNI_Go2_P02_E03.mzXML,759,0,1679,0,353,0,0,0,123,505,71,0,323,0,782
ADNI_Go2_P02_E04.mzXML,626,50,1979,0,398,38,0,0,147,518,70,0,313,36,810
ADNI_Go2_P02_E05.mzXML,638,58,2274,43,457,50,0,34,205,598,83,0,394,41,994
ADNI_Go2_P02_E06.mzXML,649,41,1777,0,336,40,0,0,123,440,65,0,294,0,775
ADNI_Go2_P02_E07.mzXML,696,41,1723,36,331,37,0,0,130,506,67,0,330,0,728
ADNI_Go2_P02_E08.mzXML,633,46,1713,41,357,36,0,0,120,556,68,0,367,34,824
ADNI_Go2_P02_E09.mzXML,616,43,1816,0,323,0,0,0,123,466,58,0,295,0,733
ADNI_Go2_P02_E10.mzXML,678,39,1569,0,291,0,0,0,118,496,55,0,300,0,709
ADNI_Go2_P02_E11.mzXML,781,50,2000,42,387,36,0,0,163,608,80,0,399,33,844
ADNI_Go2_P02_E12.mzXML,705,42,1738,38,334,36,0,0,141,555,69,0,346,0,741
ADNI_Go2_P02_F01.mzXML,487,41,1700,0,325,38,0,0,103,372,62,0,275,0,722
ADNI_Go2_P02_F02.mzXML,441,36,1388,0,274,0,0,0,121,394,52,0,277,0,656
ADNI_Go2_P02_F03.mzXML,773,52,2092,45,411,39,0,0,161,631,74,0,383,40,909
ADNI_Go2_P02_F04.mzXML,746,47,1934,38,355,39,0,0,138,532,69,0,342,35,809
ADNI_Go2_P02_F05.mzXML,702,48,2035,46,412,40,0,0,162,573,79,0,382,38,892
ADNI_Go2_P02_F06.mzXML,675,38,1591,34,311,34,0,0,130,492,61,0,310,0,696
ADNI_Go2_P02_F07.mzXML,710,33,1502,34,282,33,0,0,106,445,54,0,281,0,646
ADNI_Go2_P02_F08.mzXML,695,40,1732,35,307,35,0,0,116,520,63,0,320,33,695
ADNI_Go2_P02_F09.mzXML,623,47,1867,44,394,41,0,0,191,555,68,0,396,36,896
ADNI_Go2_P02_F10.mzXML,835,58,2274,51,466,47,0,0,230,649,85,0,426,0,1042
ADNI_Go2_P02_F11.mzXML,815,0,1955,0,356,0,0,0,155,569,70,0,344,0,871
ADNI_Go2_P02_F12.mzXML,703,48,2013,46,407,41,0,0,155,571,78,0,391,39,884
ADNI_Go2_P02_G01.mzXML,444,50,1901,35,397,39,0,0,132,419,67,0,343,36,872
ADNI_Go2_P02_G02.mzXML,784,56,2015,46,439,37,0,0,199,602,74,0,410,33,905
ADNI_Go2_P02_G03.mzXML,814,47,2089,0,368,0,0,0,148,579,76,0,353,0,834
ADNI_Go2_P02_G04.mzXML,702,49,2140,47,421,40,0,0,154,583,80,0,393,41,927
ADNI_Go2_P02_G05.mzXML,710,50,2069,47,437,41,0,0,179,590,84,0,399,38,913
ADNI_Go2_P02_G06.mzXML,679,38,1704,34,307,35,0,0,127,500,65,0,306,32,680
ADNI_Go2_P02_G07.mzXML,678,50,2124,46,424,40,0,0,173,584,84,0,396,40,894
ADNI_Go2_P02_G08.mzXML,762,49,1911,0,391,0,0,0,170,566,65,0,337,0,805
ADNI_Go2_P02_G09.mzXML,594,41,1576,35,355,0,0,0,137,482,57,0,324,0,720
ADNI_Go2_P02_G10.mzXML,777,51,2126,50,450,46,0,0,209,620,77,0,426,0,1030
ADNI_Go2_P02_G11.mzXML,436,39,1792,0,333,37,0,0,142,407,58,0,296,0,719
ADNI_Go2_P02_G12.mzXML,574,38,1614,0,317,31,0,0,124,496,65,0,321,31,718
ADNI_Go2_P02_H01.mzXML,373,39,1639,29,314,31,0,0,103,355,54,0,272,39,660
ADNI_Go2_P02_H02.mzXML,292,34,1210,0,242,27,0,0,67,289,41,0,216,27,594
ADNI_Go2_P02_H03.mzXML,719,59,2108,53,454,44,0,40,239,649,82,0,492,41,949
ADNI_Go2_P02_H04.mzXML,519,43,1686,38,371,34,0,0,144,437,62,0,303,32,785
ADNI_Go2_P02_H05.mzXML,549,40,1537,0,330,0,0,0,119,457,69,0,282,0,669
ADNI_Go2_P02_H06.mzXML,647,41,1765,33,310,30,0,0,111,539,68,0,309,34,619
ADNI_Go2_P02_H07.mzXML,569,41,1788,0,321,37,0,0,130,447,60,0,301,0,716
ADNI_Go2_P02_H08.mzXML,713,46,1618,35,314,35,0,0,108,506,66,0,301,32,705
ADNI_Go2_P02_H09.mzXML,577,40,1724,0,314,0,0,0,91,439,63,0,285,0,737
ADNI_Go2_P02_H10.mzXML,557,39,1779,0,324,35,0,0,104,448,63,0,309,0,703
ADNI_Go2_P02_H11.mzXML,649,43,1938,38,406,0,0,0,136,466,67,0,307,0,835
ADNI_Go2_P02_H12.mzXML,707,55,2197,49,479,41,0,0,200,595,78,0,414,41,962
Blank_Inj_P02_01.mzXML,559,0,1513,0,403,0,0,0,144,352,61,0,275,0,830
Blank_Inj_P02_02.mzXML,520,0,1339,0,301,0,0,0,82,315,0,0,263,0,859
Blank_Inj_P02_03.mzXML,431,36,1434,0,292,36,0,0,89,309,47,0,262,0,725
Blank_Inj_P02_04.mzXML,492,38,1479,0,317,0,0,0,91,337,52,0,270,0,738
Blank_Inj_P02_05.mzXML,475,40,1566,0,304,37,0,0,100,341,53,0,275,0,694
Blank_Inj_P02_06.mzXML,433,0,1403,0,292,0,0,0,89,308,46,0,259,0,734
Blank_Inj_P02_07.mzXML,427,0,1265,0,282,0,0,0,80,290,45,0,235,0,709
Blank_Inj_P02_08.mzXML,336,32,1135,0,244,0,0,0,64,275,40,0,212,0,596
Blank_Inj_P02_09.mzXML,337,35,1249,0,247,31,0,0,69,288,42,0,219,0,608
Blank_Inj_P02_10.mzXML,268,34,1209,0,237,25,0,0,66,287,41,0,213,28,563
Blank_Inj_P02_11.mzXML,342,35,1260,0,240,30,0,0,70,279,41,0,233,0,612
Blank_Inj_P02_12.mzXML,295,35,1331,0,264,29,0,0,77,305,44,0,234,0,625
Blank_Inj_P02_13.mzXML,346,36,1249,0,265,32,0,0,79,298,45,0,228,0,637
Blank_Inj_P02_14.mzXML,343,35,1254,0,252,31,0,0,72,290,43,0,219,0,616
Blank_Inj_P02_15.mzXML,290,34,1132,0,241,27,0,0,60,289,41,0,214,26,581
Blank_Inj_P02_16.mzXML,293,34,1266,0,249,27,0,0,71,291,42,0,219,28,601
Blank_Inj_P02_17.mzXML,353,34,1431,0,264,0,0,0,83,290,45,0,230,0,661
Blank_Inj_P02_18.mzXML,234,34,1220,0,243,26,0,0,76,297,46,0,233,29,527
Blank_Inj_P02_19.mzXML,292,34,1224,0,236,27,0,0,68,277,40,0,223,27,582
QC_Mix_P02_01_Start.mzXML,532,0,1965,0,449,0,0,0,144,408,64,0,364,0,1082
QC_Mix_P02_02_Middle.mzXML,565,52,2116,48,446,45,0,0,145,454,70,0,374,44,1033
QC_Mix_P02_03_End.mzXML,476,50,1941,47,427,0,0,0,141,401,64,0,347,0,1026
ADNI_Go2_P03_A01.mzXML,514,0,1795,0,332,0,0,0,105,362,58,0,283,0,790
ADNI_Go2_P03_A02.mzXML,664,42,1678,32,305,43,0,0,106,471,57,0,312,0,753
ADNI_Go2_P03_A03.mzXML,816,0,1802,0,355,0,0,0,133,515,69,0,333,0,825
ADNI_Go2_P03_A04.mzXML,741,46,1965,48,410,40,0,0,160,544,72,0,384,35,894
ADNI_Go2_P03_A05.mzXML,740,41,1782,38,322,38,0,0,120,505,65,0,316,0,735
ADNI_Go2_P03_A06.mzXML,685,40,1775,34,329,37,0,0,139,536,68,0,320,0,709
ADNI_Go2_P03_A07.mzXML,824,47,1882,40,368,42,0,0,157,539,71,0,351,0,863
ADNI_Go2_P03_A08.mzXML,704,42,1806,41,348,42,0,0,146,468,65,0,320,0,816
ADNI_Go2_P03_A09.mzXML,748,39,1682,0,328,0,0,0,128,493,63,0,310,0,764
ADNI_Go2_P03_A10.mzXML,841,64,2412,56,525,52,0,41,231,692,87,0,458,43,1108
ADNI_Go2_P03_A11.mzXML,834,53,1938,44,395,42,0,0,192,639,76,0,404,0,916
ADNI_Go2_P03_A12.mzXML,715,52,2102,49,441,45,0,0,183,591,86,0,409,40,954
ADNI_Go2_P03_B01.mzXML,506,52,2153,40,431,46,0,0,163,454,70,0,371,40,958
ADNI_Go2_P03_B02.mzXML,656,46,2019,0,356,47,0,0,110,480,66,0,330,0,811
ADNI_Go2_P03_B03.mzXML,746,48,1882,34,345,38,0,30,149,575,69,0,349,30,777
ADNI_Go2_P03_B04.mzXML,883,63,2261,45,434,50,0,34,196,638,77,0,418,33,1035
ADNI_Go2_P03_B05.mzXML,643,50,1917,36,386,37,0,0,182,510,71,0,347,31,871
ADNI_Go2_P03_B06.mzXML,695,40,1838,35,353,38,0,0,124,535,67,0,328,0,717
ADNI_Go2_P03_B07.mzXML,828,52,1922,35,348,45,0,0,116,541,64,0,364,33,823
ADNI_Go2_P03_B08.mzXML,823,48,1892,0,366,45,0,0,136,559,68,0,335,0,867
ADNI_Go2_P03_B09.mzXML,803,49,1983,43,395,38,0,0,185,609,75,0,402,32,877
ADNI_Go2_P03_B10.mzXML,713,51,1980,0,389,45,0,0,177,495,69,0,327,0,914
ADNI_Go2_P03_B11.mzXML,727,51,2024,47,420,42,0,0,193,577,81,0,398,39,908
ADNI_Go2_P03_B12.mzXML,740,44,1939,38,357,41,0,0,171,583,75,0,377,37,783
ADNI_Go2_P03_C01.mzXML,560,49,1959,0,420,45,0,0,142,429,65,0,347,0,970
ADNI_Go2_P03_C02.mzXML,769,48,1761,36,335,40,0,0,145,520,65,0,332,0,760
ADNI_Go2_P03_C03.mzXML,587,42,1984,0,357,41,0,0,157,490,70,0,335,0,787
ADNI_Go2_P03_C04.mzXML,637,52,1895,34,361,42,0,0,163,487,67,0,325,36,826
ADNI_Go2_P03_C05.mzXML,686,40,1822,34,327,36,0,0,122,512,71,0,320,0,712
ADNI_Go2_P03_C06.mzXML,769,71,2522,52,533,56,0,38,231,656,85,0,457,41,1219
ADNI_Go2_P03_C07.mzXML,760,45,1792,40,385,36,0,0,138,530,71,0,334,0,796
ADNI_Go2_P03_C08.mzXML,695,49,2038,47,422,41,0,0,189,571,75,0,400,38,918
ADNI_Go2_P03_C09.mzXML,551,48,1729,0,338,42,0,29,161,475,56,0,313,30,815
ADNI_Go2_P03_C10.mzXML,820,62,2171,49,472,49,0,0,225,604,84,0,419,42,1017
ADNI_Go2_P03_C11.mzXML,701,44,1772,37,381,33,0,0,173,544,63,0,328,34,740
ADNI_Go2_P03_C12.mzXML,771,60,2235,50,458,47,0,38,200,625,80,0,433,41,1031
ADNI_Go2_P03_D01.mzXML,440,40,1713,0,310,34,0,0,101,369,54,0,275,32,708
ADNI_Go2_P03_D02.mzXML,700,41,1735,35,318,35,0,0,134,535,65,0,326,33,712
ADNI_Go2_P03_D03.mzXML,810,55,2148,39,379,51,0,0,162,603,69,0,365,35,905
ADNI_Go2_P03_D04.mzXML,685,38,1722,33,317,34,0,0,130,534,67,0,312,31,691
ADNI_Go2_P03_D05.mzXML,756,43,1988,0,343,0,0,0,110,553,69,0,315,0,764
ADNI_Go2_P03_D06.mzXML,817,54,2205,44,424,52,0,0,162,584,69,0,374,0,913
ADNI_Go2_P03_D07.mzXML,696,41,1737,36,328,36,0,0,128,509,66,0,322,0,728
ADNI_Go2_P03_D08.mzXML,835,51,2033,0,412,0,0,0,159,581,70,0,362,0,847
ADNI_Go2_P03_D09.mzXML,563,34,1588,29,272,31,0,0,113,496,58,0,287,29,654
ADNI_Go2_P03_D10.mzXML,634,0,1793,0,338,0,0,0,167,455,58,0,301,0,821
ADNI_Go2_P03_D11.mzXML,760,56,2331,49,540,42,0,36,280,639,79,0,449,43,1018
ADNI_Go2_P03_D12.mzXML,710,39,1624,33,304,33,0,0,127,494,63,0,324,30,688
ADNI_Go2_P03_E01.mzXML,403,45,1888,37,386,38,0,0,127,406,64,0,337,36,898
ADNI_Go2_P03_E02.mzXML,689,56,2213,43,440,45,0,0,187,566,81,0,388,42,973
ADNI_Go2_P03_E03.mzXML,761,54,2020,40,405,41,0,0,152,568,73,0,351,35,836
ADNI_Go2_P03_E04.mzXML,901,64,2623,58,568,63,0,0,253,711,90,0,473,0,1194
ADNI_Go2_P03_E05.mzXML,765,45,1898,41,401,39,0,0,158,554,70,0,344,0,818
ADNI_Go2_P03_E06.mzXML,715,48,1903,41,403,38,0,34,190,607,71,0,365,34,812
ADNI_Go2_P03_E07.mzXML,776,49,1959,44,407,41,0,0,186,583,76,0,386,0,909
ADNI_Go2_P03_E08.mzXML,771,61,2246,51,459,49,0,38,205,629,81,0,437,42,1030
ADNI_Go2_P03_E09.mzXML,677,40,1699,0,316,35,0,0,141,485,63,0,309,0,695
ADNI_Go2_P03_E10.mzXML,678,36,1747,35,321,34,0,0,146,512,63,0,316,0,697
ADNI_Go2_P03_E11.mzXML,725,36,1487,0,295,0,0,0,107,457,58,0,293,0,659
ADNI_Go2_P03_E12.mzXML,745,48,1894,36,349,40,0,0,160,544,69,0,341,33,796
ADNI_Go2_P03_F01.mzXML,466,40,1554,0,293,34,0,0,86,329,54,0,244,0,672
ADNI_Go2_P03_F02.mzXML,644,39,1758,0,333,0,0,0,141,497,59,0,294,0,765
ADNI_Go2_P03_F03.mzXML,807,49,1935,39,347,43,0,0,125,544,71,0,333,0,820
ADNI_Go2_P03_F04.mzXML,561,40,1839,0,336,40,0,0,98,387,61,0,283,0,776
ADNI_Go2_P03_F05.mzXML,769,45,1931,0,398,0,0,0,170,559,65,0,348,0,841
ADNI_Go2_P03_F06.mzXML,706,49,1789,39,394,36,0,0,169,590,76,0,347,36,795
ADNI_Go2_P03_F07.mzXML,844,53,2045,39,378,49,0,0,155,617,72,0,376,35,842
ADNI_Go2_P03_F08.mzXML,829,0,1962,0,359,0,0,0,138,519,70,0,348,0,844
ADNI_Go2_P03_F09.mzXML,574,42,1827,0,330,37,0,0,110,451,65,0,295,0,729
ADNI_Go2_P03_F10.mzXML,750,45,1924,34,366,41,0,0,170,544,68,0,322,34,786
ADNI_Go2_P03_F11.mzXML,730,38,1765,33,363,34,0,0,172,524,66,0,313,33,716
ADNI_Go2_P03_F12.mzXML,737,54,1979,50,417,44,0,0,151,574,76,0,390,38,977
ADNI_Go2_P03_G01.mzXML,443,51,1949,37,410,40,0,0,137,438,74,0,351,41,880
ADNI_Go2_P03_G02.mzXML,648,0,1927,0,354,0,0,0,110,448,64,0,295,0,810
ADNI_Go2_P03_G03.mzXML,691,41,1775,0,321,35,0,0,124,506,66,0,310,0,692
ADNI_Go2_P03_G04.mzXML,559,40,1717,0,310,34,0,0,136,436,60,0,284,0,695
ADNI_Go2_P03_G05.mzXML,705,39,1579,36,315,0,0,0,117,484,63,0,307,0,770
ADNI_Go2_P03_G06.mzXML,705,54,2039,47,432,46,0,0,168,496,70,0,353,0,1017
ADNI_Go2_P03_G07.mzXML,836,65,2525,53,498,58,0,43,223,696,86,0,462,43,1128
ADNI_Go2_P03_G08.mzXML,782,74,2695,52,536,56,0,40,245,650,88,0,459,41,1271
ADNI_Go2_P03_G09.mzXML,695,52,1889,39,385,37,0,35,171,571,67,0,355,35,766
ADNI_Go2_P03_G10.mzXML,765,72,2464,53,528,54,0,46,238,688,84,0,469,46,1069
ADNI_Go2_P03_G11.mzXML,633,50,1711,38,370,35,0,0,116,525,69,0,358,33,827
ADNI_Go2_P03_G12.mzXML,557,38,1693,0,331,34,0,0,128,413,59,0,272,33,618
ADNI_Go2_P03_H01.mzXML,557,41,2142,43,481,40,0,0,189,419,58,0,345,41,1000
ADNI_Go2_P03_H02.mzXML,730,34,1839,36,340,34,0,0,156,488,59,0,302,32,684
ADNI_Go2_P03_H03.mzXML,832,62,2311,47,507,57,0,37,225,633,77,0,427,41,1071
ADNI_Go2_P03_H04.mzXML,758,57,2298,48,455,49,0,0,160,625,83,0,423,40,1012
ADNI_Go2_P03_H05.mzXML,908,70,2714,59,569,61,0,44,208,692,88,0,466,43,1235
ADNI_Go2_P03_H06.mzXML,341,33,1394,0,256,0,0,0,80,284,41,0,226,0,634
ADNI_Go2_P03_H07.mzXML,911,65,2221,44,457,49,0,30,185,624,76,0,397,36,996
ADNI_Go2_P03_H08.mzXML,765,58,2060,48,439,43,0,35,187,601,79,0,414,38,982
ADNI_Go2_P03_H09.mzXML,703,45,1944,45,421,36,0,0,178,535,71,0,369,37,860
ADNI_Go2_P03_H10.mzXML,564,44,1759,31,353,32,0,0,115,450,57,0,292,33,712
ADNI_Go2_P03_H11.mzXML,285,34,1137,0,241,26,0,0,64,288,41,0,215,27,581
ADNI_Go2_P03_H12.mzXML,766,58,2197,48,449,46,0,0,180,598,84,0,407,41,977
Blank_Inj_P03_01.mzXML,354,36,1378,0,261,32,0,0,81,302,44,0,260,0,640
Blank_Inj_P03_02.mzXML,430,36,1395,0,286,36,0,0,86,307,46,0,259,0,713
Blank_Inj_P03_03.mzXML,429,0,1297,0,271,0,0,0,72,296,46,0,247,0,690
Blank_Inj_P03_04.mzXML,523,0,1376,0,312,0,0,0,79,318,0,0,266,0,839
Blank_Inj_P03_05.mzXML,356,38,1341,0,273,0,0,0,78,312,47,0,250,0,650
Blank_Inj_P03_06.mzXML,503,0,1520,0,315,0,0,0,89,330,0,0,288,0,823
Blank_Inj_P03_07.mzXML,476,0,1384,0,296,0,0,0,83,308,46,0,240,0,772
Blank_Inj_P03_08.mzXML,289,34,1205,0,242,27,0,0,66,288,41,0,229,27,585
Blank_Inj_P03_09.mzXML,346,36,1326,0,261,33,0,0,79,297,44,0,230,0,628
Blank_Inj_P03_10.mzXML,441,0,1394,0,301,0,0,0,83,317,45,0,242,0,773
Blank_Inj_P03_11.mzXML,372,34,1280,0,272,30,0,0,73,297,44,0,245,0,671
Blank_Inj_P03_12.mzXML,295,35,1389,0,257,30,0,0,77,297,43,0,227,28,623
Blank_Inj_P03_13.mzXML,350,36,1324,0,260,33,0,0,80,298,44,0,238,0,634
Blank_Inj_P03_14.mzXML,329,35,1228,0,250,29,0,0,72,289,43,0,233,28,608
Blank_Inj_P03_15.mzXML,299,31,1169,0,238,25,0,0,67,277,38,0,219,25,582
Blank_Inj_P03_16.mzXML,294,34,1306,0,245,28,0,0,69,291,42,0,229,27,623
Blank_Inj_P03_17.mzXML,290,34,1197,0,244,28,0,0,66,288,41,0,229,27,588
Blank_Inj_P03_18.mzXML,306,32,1187,0,248,27,0,0,66,292,42,0,232,27,561
Blank_Inj_P03_19.mzXML,299,35,1272,0,261,30,0,0,80,300,44,0,241,0,635
QC_Mix_P03_01_Start.mzXML,607,54,2160,50,464,49,0,0,151,464,79,0,392,45,1066
QC_Mix_P03_02_Middle.mzXML,532,54,2268,47,453,48,0,0,160,468,77,0,400,47,1020
QC_Mix_P03_03_End.mzXML,714,0,2178,0,483,0,0,0,151,460,71,0,392,0,1195
ADNI_Go2_P04_A01.mzXML,377,46,1922,34,386,35,0,24,135,431,67,0,333,38,774
ADNI_Go2_P04_A02.mzXML,782,68,2421,51,470,57,0,0,171,640,79,0,449,0,1107
ADNI_Go2_P04_A03.mzXML,842,60,2328,57,482,52,0,41,242,687,86,0,456,41,1077
ADNI_Go2_P04_A04.mzXML,854,63,2225,49,484,47,0,33,211,681,76,0,434,35,1041
ADNI_Go2_P04_A05.mzXML,740,55,1861,0,355,44,0,0,136,531,65,0,428,0,849
ADNI_Go2_P04_A06.mzXML,705,41,1821,36,353,37,0,0,147,552,70,0,326,0,735
ADNI_Go2_P04_A07.mzXML,792,44,1874,0,399,46,0,0,179,568,78,0,361,0,861
ADNI_Go2_P04_A08.mzXML,667,60,2231,55,481,43,0,33,219,611,77,0,445,39,1067
ADNI_Go2_P04_A09.mzXML,586,53,1894,43,423,41,0,0,164,517,78,0,378,41,911
ADNI_Go2_P04_A10.mzXML,829,48,1800,35,340,39,0,0,134,530,66,0,347,0,779
ADNI_Go2_P04_A11.mzXML,768,51,1826,42,387,43,0,0,164,557,70,0,366,0,852
ADNI_Go2_P04_A12.mzXML,758,62,2278,49,472,52,0,42,200,659,84,0,443,43,1011
ADNI_Go2_P04_B01.mzXML,532,51,2057,46,449,44,0,0,151,446,68,0,377,44,1025
ADNI_Go2_P04_B02.mzXML,818,60,2130,42,423,48,0,38,174,608,68,0,384,36,923
ADNI_Go2_P04_B03.mzXML,570,46,1804,42,359,38,0,29,152,541,73,0,371,38,775
ADNI_Go2_P04_B04.mzXML,755,46,1750,36,329,38,0,0,137,520,66,0,322,0,779
ADNI_Go2_P04_B05.mzXML,549,40,1628,0,308,32,0,0,143,446,61,0,281,32,632
ADNI_Go2_P04_B06.mzXML,771,41,1939,41,358,38,0,0,146,535,69,0,329,0,805
ADNI_Go2_P04_B07.mzXML,694,43,1711,34,305,37,0,0,130,525,60,0,318,30,766
ADNI_Go2_P04_B08.mzXML,817,54,2123,39,378,50,0,0,144,591,69,0,370,35,884
ADNI_Go2_P04_B09.mzXML,579,41,1548,35,334,31,0,0,144,499,59,0,321,32,700
ADNI_Go2_P04_B10.mzXML,882,65,2098,48,458,43,0,0,197,623,74,0,412,35,996
ADNI_Go2_P04_B11.mzXML,790,60,2219,55,475,43,0,35,217,654,82,0,466,39,1080
ADNI_Go2_P04_B12.mzXML,961,73,2607,60,540,59,0,39,212,741,91,0,490,40,1247
ADNI_Go2_P04_C01.mzXML,461,50,2135,44,435,41,0,0,151,444,69,0,361,45,936
ADNI_Go2_P04_C02.mzXML,826,60,2070,45,435,47,0,36,188,647,71,0,386,34,911
ADNI_Go2_P04_C03.mzXML,624,47,1788,0,331,38,0,0,140,465,59,0,293,0,773
ADNI_Go2_P04_C04.mzXML,637,52,2211,34,425,46,0,0,181,544,71,0,353,36,879
ADNI_Go2_P04_C05.mzXML,723,59,2264,53,477,44,0,0,221,583,79,0,435,38,1085
ADNI_Go2_P04_C06.mzXML,825,60,2200,50,444,47,0,37,173,607,82,0,423,41,1015
ADNI_Go2_P04_C07.mzXML,568,41,1747,0,327,35,0,0,137,458,65,0,302,34,718
ADNI_Go2_P04_C08.mzXML,565,42,1606,36,330,37,0,0,99,451,58,0,295,0,787
ADNI_Go2_P04_C09.mzXML,726,43,1778,40,338,31,0,0,130,525,63,0,323,29,759
ADNI_Go2_P04_C10.mzXML,742,49,1825,36,344,40,0,0,151,546,70,0,332,35,771
ADNI_Go2_P04_C11.mzXML,667,50,1869,39,381,38,0,0,150,535,66,0,354,0,867
ADNI_Go2_P04_C12.mzXML,622,46,1842,0,331,38,0,0,121,463,63,0,289,33,758
ADNI_Go2_P04_D01.mzXML,486,42,1684,0,319,40,0,0,96,386,57,0,271,0,701
ADNI_Go2_P04_D02.mzXML,786,0,2080,0,384,0,0,0,160,568,75,0,367,0,870
ADNI_Go2_P04_D03.mzXML,652,54,1972,32,356,44,0,29,119,513,67,0,313,33,815
ADNI_Go2_P04_D04.mzXML,637,47,1939,38,384,41,0,34,188,548,58,0,364,0,837
ADNI_Go2_P04_D05.mzXML,557,38,1768,0,317,37,0,0,134,452,60,0,280,32,713
ADNI_Go2_P04_D06.mzXML,577,49,1971,44,419,38,0,32,217,517,70,0,379,38,910
ADNI_Go2_P04_D07.mzXML,554,34,1650,0,292,32,0,0,134,405,53,0,256,0,674
ADNI_Go2_P04_D08.mzXML,686,38,1712,33,320,34,0,0,132,530,66,0,312,0,705
ADNI_Go2_P04_D09.mzXML,557,36,1417,0,281,0,0,0,117,451,55,0,283,0,643
ADNI_Go2_P04_D10.mzXML,531,56,1943,39,436,38,0,0,180,484,62,0,361,35,924
ADNI_Go2_P04_D11.mzXML,436,34,1375,0,254,29,0,0,109,399,46,0,250,0,613
ADNI_Go2_P04_D12.mzXML,671,45,1688,40,373,30,0,0,150,531,56,0,375,0,802
ADNI_Go2_P04_E01.mzXML,435,52,2090,40,424,41,0,0,162,451,72,0,365,40,911
ADNI_Go2_P04_E02.mzXML,840,57,2193,51,424,48,0,0,187,629,74,0,433,0,984
ADNI_Go2_P04_E03.mzXML,564,46,1747,33,334,29,0,0,132,485,61,0,316,31,689
ADNI_Go2_P04_E04.mzXML,606,40,1652,0,339,0,0,0,117,467,65,0,294,0,760
ADNI_Go2_P04_E05.mzXML,635,50,1867,37,373,34,0,0,185,572,64,0,370,0,845
ADNI_Go2_P04_E06.mzXML,780,60,2359,53,471,50,0,39,206,639,87,0,442,42,1047
ADNI_Go2_P04_E07.mzXML,504,48,1926,39,427,42,0,0,181,431,71,0,340,37,885
ADNI_Go2_P04_E08.mzXML,579,42,1801,0,342,36,0,0,171,471,63,0,330,0,761
ADNI_Go2_P04_E09.mzXML,560,42,1688,0,323,0,0,0,164,453,61,0,310,0,739
ADNI_Go2_P04_E10.mzXML,720,43,1706,0,342,0,0,0,157,527,69,0,330,0,802
ADNI_Go2_P04_E11.mzXML,568,44,1724,0,362,35,0,0,153,458,58,0,301,33,723
ADNI_Go2_P04_E12.mzXML,679,40,1621,34,323,0,0,0,158,506,65,0,313,0,717
ADNI_Go2_P04_F01.mzXML,379,40,1766,28,315,31,0,0,102,369,56,0,286,38,667
ADNI_Go2_P04_F02.mzXML,632,44,1579,32,314,35,0,0,146,509,61,0,317,30,751
ADNI_Go2_P04_F03.mzXML,567,48,1786,40,396,38,0,0,152,480,68,0,346,38,853
ADNI_Go2_P04_F04.mzXML,705,52,2079,50,423,42,0,0,169,586,80,0,423,41,920
ADNI_Go2_P04_F05.mzXML,570,41,1818,32,319,37,0,0,138,471,68,0,302,32,708
ADNI_Go2_P04_F06.mzXML,436,44,2052,42,436,39,0,29,179,457,65,0,344,36,893
ADNI_Go2_P04_F07.mzXML,725,60,2300,51,482,46,0,0,216,608,83,0,434,40,1074
ADNI_Go2_P04_F08.mzXML,749,51,2128,47,434,44,0,0,188,599,85,0,409,39,949
ADNI_Go2_P04_F09.mzXML,772,65,2373,43,486,47,0,0,201,644,71,0,394,0,1045
ADNI_Go2_P04_F10.mzXML,675,38,1662,33,310,34,0,0,136,503,66,0,303,31,688
ADNI_Go2_P04_F11.mzXML,599,46,1768,31,327,38,0,28,132,505,62,0,294,32,733
ADNI_Go2_P04_F12.mzXML,901,65,2299,45,455,56,0,34,209,681,81,0,427,35,1052
ADNI_Go2_P04_G01.mzXML,458,50,2164,40,424,43,0,0,152,464,72,0,366,41,918
ADNI_Go2_P04_G02.mzXML,840,62,2172,45,445,44,0,31,174,667,70,0,443,33,965
ADNI_Go2_P04_G03.mzXML,747,55,2276,46,450,49,0,35,204,628,81,0,416,40,984
ADNI_Go2_P04_G04.mzXML,665,78,2497,55,568,44,0,40,288,693,87,0,613,41,1183
ADNI_Go2_P04_G05.mzXML,661,50,1939,39,378,38,0,0,135,506,67,0,346,0,867
ADNI_Go2_P04_G06.mzXML,626,49,1791,38,362,34,0,0,156,491,63,0,347,31,835
ADNI_Go2_P04_G07.mzXML,682,58,2303,47,459,46,0,32,208,557,67,0,410,33,1088
ADNI_Go2_P04_G08.mzXML,854,59,2029,46,409,44,0,0,174,607,78,0,397,34,925
ADNI_Go2_P04_G09.mzXML,849,65,2158,49,467,43,0,35,191,630,78,0,424,35,994
ADNI_Go2_P04_G10.mzXML,686,45,1772,37,364,33,0,0,154,529,65,0,333,33,730
ADNI_Go2_P04_G11.mzXML,744,53,1649,41,342,37,0,0,124,524,61,0,349,0,873
ADNI_Go2_P04_G12.mzXML,783,59,2036,50,403,41,0,33,169,634,80,0,420,36,852
ADNI_Go2_P04_H01.mzXML,432,51,2162,44,432,41,0,0,152,460,71,0,361,45,934
ADNI_Go2_P04_H02.mzXML,263,34,1227,0,234,25,0,0,62,288,41,0,214,27,561
ADNI_Go2_P04_H03.mzXML,295,37,1284,0,253,29,0,0,67,302,47,0,226,30,595
ADNI_Go2_P04_H04.mzXML,669,35,1569,34,289,31,0,0,109,458,57,0,276,0,655
ADNI_Go2_P04_H05.mzXML,616,45,1905,30,337,42,0,0,119,464,66,0,292,33,759
ADNI_Go2_P04_H06.mzXML,579,56,2184,35,391,45,0,29,156,514,56,0,338,29,894
ADNI_Go2_P04_H07.mzXML,712,63,2357,41,435,51,0,35,192,596,75,0,394,37,993
ADNI_Go2_P04_H08.mzXML,793,73,2583,53,529,55,0,38,235,631,80,0,456,40,1229
ADNI_Go2_P04_H09.mzXML,424,48,1801,32,348,31,0,27,160,463,58,0,332,33,740
ADNI_Go2_P04_H10.mzXML,555,57,2024,41,411,39,0,34,167,523,75,0,364,40,854
ADNI_Go2_P04_H11.mzXML,499,37,1561,24,288,27,0,0,93,418,57,0,254,33,547
ADNI_Go2_P04_H12.mzXML,513,37,1449,0,284,0,0,0,120,413,54,0,254,30,622
Blank_Inj_P04_01.mzXML,743,0,1985,0,481,0,0,0,159,461,81,0,324,0,1051
Blank_Inj_P04_02.mzXML,339,34,1352,0,261,32,0,0,83,294,45,0,243,0,637
Blank_Inj_P04_03.mzXML,421,37,1356,0,278,0,0,0,76,319,46,0,244,0,715
Blank_Inj_P04_04.mzXML,287,33,1192,0,239,27,0,0,67,286,44,0,238,27,581
Blank_Inj_P04_05.mzXML,306,35,1366,0,262,29,0,0,81,303,44,0,237,29,629
Blank_Inj_P04_06.mzXML,300,36,1259,0,244,28,0,0,69,296,41,0,248,28,606
Blank_Inj_P04_07.mzXML,346,38,1374,0,269,34,0,0,81,308,47,0,236,0,642
Blank_Inj_P04_08.mzXML,294,33,1228,0,247,27,0,0,66,286,41,0,216,27,582
Blank_Inj_P04_09.mzXML,315,32,1117,0,232,26,0,0,65,272,39,0,207,0,561
Blank_Inj_P04_10.mzXML,295,35,1198,0,246,28,0,0,67,291,44,0,217,27,594
Blank_Inj_P04_11.mzXML,346,35,1279,0,246,30,0,0,69,290,42,0,242,28,609
Blank_Inj_P04_12.mzXML,290,34,1243,0,242,27,0,0,67,292,41,0,225,28,588
Blank_Inj_P04_13.mzXML,344,37,1322,0,260,31,0,0,72,300,46,0,227,30,622
Blank_Inj_P04_14.mzXML,294,34,1311,0,260,28,0,0,79,289,41,0,231,0,620
Blank_Inj_P04_15.mzXML,288,34,1267,0,248,28,0,0,68,291,42,0,219,28,594
Blank_Inj_P04_16.mzXML,267,35,1271,0,250,27,0,0,76,295,43,0,222,28,582
Blank_Inj_P04_17.mzXML,295,34,1275,0,247,28,0,0,66,293,41,0,234,28,597
Blank_Inj_P04_18.mzXML,299,36,1363,0,266,30,0,0,81,304,47,0,246,29,630
Blank_Inj_P04_19.mzXML,227,32,1129,0,225,23,0,0,61,286,40,0,211,27,483
QC_Mix_P04_01_Start.mzXML,662,0,1844,0,377,0,0,0,103,374,61,0,305,0,938
QC_Mix_P04_02_Middle.mzXML,514,53,2084,46,431,45,0,0,143,435,70,0,356,45,979
QC_Mix_P04_03_End.mzXML,364,48,1783,40,378,37,0,0,124,392,59,0,337,42,889
ADNI_Go2_P05_A01.mzXML,361,42,1808,0,336,33,0,0,121,395,59,0,280,35,627
ADNI_Go2_P05_A02.mzXML,580,57,2340,42,470,42,0,0,200,610,80,0,395,42,914
ADNI_Go2_P05_A03.mzXML,720,61,2206,43,425,45,0,0,210,596,71,0,380,34,996
ADNI_Go2_P05_A04.mzXML,601,37,1514,32,287,26,0,0,80,521,66,0,287,30,541
ADNI_Go2_P05_A05.mzXML,803,56,2015,49,413,37,0,34,201,683,82,0,409,35,904
ADNI_Go2_P05_A06.mzXML,638,52,2048,44,421,33,0,31,209,602,82,0,390,37,797
ADNI_Go2_P05_A07.mzXML,760,75,2781,56,604,56,0,41,262,729,95,0,492,44,1255
ADNI_Go2_P05_A08.mzXML,847,70,2488,57,525,46,0,38,231,680,86,0,471,39,1160
ADNI_Go2_P05_A09.mzXML,821,72,2487,57,522,50,0,42,255,716,88,0,496,39,1148
ADNI_Go2_P05_A10.mzXML,808,62,2241,41,423,46,0,34,191,641,76,0,407,33,947
ADNI_Go2_P05_A11.mzXML,653,62,2305,41,466,44,0,37,223,651,75,0,405,37,925
ADNI_Go2_P05_A12.mzXML,866,66,2330,47,449,50,0,34,187,660,77,0,431,35,1035
ADNI_Go2_P05_B01.mzXML,400,38,1535,0,285,30,0,0,84,338,51,0,235,30,617
ADNI_Go2_P05_B02.mzXML,742,62,2485,57,533,45,0,35,239,688,88,0,493,42,1031
ADNI_Go2_P05_B03.mzXML,776,54,2176,43,422,38,0,0,206,660,82,0,413,35,900
ADNI_Go2_P05_B04.mzXML,845,69,2429,50,493,45,0,40,218,669,76,0,434,36,1042
ADNI_Go2_P05_B05.mzXML,686,58,2227,45,419,45,0,33,213,578,68,0,394,34,958
ADNI_Go2_P05_B06.mzXML,798,68,2429,57,516,46,0,39,229,681,86,0,500,40,1105
ADNI_Go2_P05_B07.mzXML,872,73,2927,70,645,48,0,0,274,806,94,0,531,46,1264
ADNI_Go2_P05_B08.mzXML,857,61,2448,41,432,55,0,0,188,641,82,0,388,36,965
ADNI_Go2_P05_B09.mzXML,903,67,2501,50,460,53,0,36,197,700,83,0,446,39,1059
ADNI_Go2_P05_B10.mzXML,813,71,2696,54,519,0,0,0,252,663,79,0,479,0,1293
ADNI_Go2_P05_B11.mzXML,928,78,2807,61,598,60,0,45,296,824,96,0,560,43,1235
ADNI_Go2_P05_B12.mzXML,704,64,2633,47,525,48,0,0,243,653,79,0,442,45,1128
ADNI_Go2_P05_C01.mzXML,552,64,2773,0,552,0,0,0,224,575,79,0,467,0,1265
ADNI_Go2_P05_C02.mzXML,1007,79,3007,67,573,54,0,47,287,861,100,0,554,47,1419
ADNI_Go2_P05_C03.mzXML,892,64,2590,54,535,0,0,0,269,731,84,0,537,0,1243
ADNI_Go2_P05_C04.mzXML,840,76,2760,64,569,56,0,47,292,768,98,28,541,45,1216
ADNI_Go2_P05_C05.mzXML,888,68,2609,55,513,0,0,0,274,765,88,0,505,0,1219
ADNI_Go2_P05_C06.mzXML,591,52,1967,37,406,41,0,0,187,539,70,0,361,37,795
ADNI_Go2_P05_C07.mzXML,959,88,3280,67,669,56,0,53,325,849,96,0,591,48,1434
ADNI_Go2_P05_C08.mzXML,992,90,3348,70,688,0,0,0,340,846,95,0,580,0,1628
ADNI_Go2_P05_C09.mzXML,839,53,2150,54,419,0,0,0,205,621,75,0,428,0,997
ADNI_Go2_P05_C10.mzXML,773,76,2724,59,586,59,0,47,265,669,87,0,486,45,1297
ADNI_Go2_P05_C11.mzXML,863,75,2863,70,653,57,0,47,312,786,91,0,567,44,1325
ADNI_Go2_P05_C12.mzXML,788,69,2496,61,552,52,0,38,261,730,89,0,498,40,1105
ADNI_Go2_P05_D01.mzXML,344,41,1680,0,307,31,0,0,104,378,58,0,265,35,590
ADNI_Go2_P05_D02.mzXML,848,55,2148,43,417,38,0,0,196,652,80,0,391,0,933
ADNI_Go2_P05_D03.mzXML,554,49,2076,34,406,32,0,0,169,513,72,0,343,32,770
ADNI_Go2_P05_D04.mzXML,715,46,1753,39,397,36,0,0,161,551,72,0,338,33,772
ADNI_Go2_P05_D05.mzXML,747,56,1891,41,369,37,0,32,149,615,69,0,380,32,819
ADNI_Go2_P05_D06.mzXML,739,63,2287,41,428,43,0,0,182,559,73,0,376,33,986
ADNI_Go2_P05_D07.mzXML,703,68,2622,0,485,56,0,0,216,575,78,0,399,0,1194
ADNI_Go2_P05_D08.mzXML,893,66,2442,51,474,0,0,0,206,726,81,0,520,0,1074
ADNI_Go2_P05_D09.mzXML,671,64,2343,48,496,40,0,0,253,643,77,0,420,39,971
ADNI_Go2_P05_D10.mzXML,571,53,2186,0,444,38,0,0,206,556,66,0,341,38,778
ADNI_Go2_P05_D11.mzXML,771,53,2142,50,442,41,0,0,199,620,74,0,424,0,919
ADNI_Go2_P05_D12.mzXML,737,61,2242,48,465,45,0,0,211,578,72,0,410,0,998
ADNI_Go2_P05_E01.mzXML,597,59,2680,0,450,0,0,0,165,542,78,0,374,0,1102
ADNI_Go2_P05_E02.mzXML,847,55,2185,54,442,0,0,0,233,651,74,0,425,0,1025
ADNI_Go2_P05_E03.mzXML,858,61,2237,55,454,42,0,38,235,659,81,0,444,34,1016
ADNI_Go2_P05_E04.mzXML,903,74,2836,63,575,54,0,45,289,800,95,0,526,43,1281
ADNI_Go2_P05_E05.mzXML,822,75,2833,50,580,60,0,42,279,662,79,0,463,0,1240
ADNI_Go2_P05_E06.mzXML,588,47,2074,39,377,34,0,26,177,529,67,0,346,33,777
ADNI_Go2_P05_E07.mzXML,718,52,2189,47,394,35,0,31,180,625,75,0,411,34,838
ADNI_Go2_P05_E08.mzXML,687,61,2313,38,460,44,0,0,194,621,79,0,368,37,921
ADNI_Go2_P05_E09.mzXML,742,61,2177,42,423,45,0,34,179,554,66,0,382,33,1000
ADNI_Go2_P05_E10.mzXML,699,60,2101,35,427,48,0,35,186,528,65,0,346,34,911
ADNI_Go2_P05_E11.mzXML,713,61,2454,51,505,47,0,34,225,606,76,0,427,35,1032
ADNI_Go2_P05_E12.mzXML,649,41,1826,35,325,33,0,0,117,537,72,0,327,33,627
ADNI_Go2_P05_F01.mzXML,399,41,1712,0,326,0,0,0,95,391,56,0,272,39,657
ADNI_Go2_P05_F02.mzXML,608,48,2103,0,362,37,0,0,164,561,67,0,298,33,726
ADNI_Go2_P05_F03.mzXML,793,68,2175,45,480,40,0,0,202,613,70,0,388,0,1042
ADNI_Go2_P05_F04.mzXML,821,69,2365,47,464,49,0,0,200,637,80,0,416,38,1075
ADNI_Go2_P05_F05.mzXML,663,54,2180,36,377,50,0,34,153,543,67,0,336,36,870
ADNI_Go2_P05_F06.mzXML,985,63,2433,56,495,0,0,0,232,705,83,0,437,0,1204
ADNI_Go2_P05_F07.mzXML,908,70,2499,59,529,47,0,0,260,694,80,0,474,0,1175
ADNI_Go2_P05_F08.mzXML,1003,88,3145,68,663,61,0,49,272,834,102,0,547,48,1417
ADNI_Go2_P05_F09.mzXML,898,70,2728,60,543,0,0,0,281,780,97,0,536,0,1297
ADNI_Go2_P05_F10.mzXML,755,72,2774,51,562,54,0,46,277,706,84,0,487,39,1138
ADNI_Go2_P05_F11.mzXML,637,55,2077,43,409,36,0,31,218,609,71,0,412,34,847
ADNI_Go2_P05_F12.mzXML,702,54,2102,49,403,38,0,29,177,633,79,0,417,37,812
ADNI_Go2_P05_G01.mzXML,381,49,2055,38,422,36,0,0,153,428,69,0,343,44,866
ADNI_Go2_P05_G02.mzXML,656,58,2061,45,428,39,0,37,201,616,68,0,394,36,878
ADNI_Go2_P05_G03.mzXML,611,58,2291,41,490,39,0,32,218,588,74,0,395,36,879
ADNI_Go2_P05_G04.mzXML,904,77,2888,65,611,60,0,49,294,779,97,0,533,48,1318
ADNI_Go2_P05_G05.mzXML,639,60,2079,46,420,39,0,32,182,576,76,0,388,37,867
ADNI_Go2_P05_G06.mzXML,662,81,2875,54,603,57,0,45,272,705,78,0,484,43,1264
ADNI_Go2_P05_G07.mzXML,743,49,2129,43,418,41,0,0,167,591,75,0,361,36,821
ADNI_Go2_P05_G08.mzXML,796,62,2219,43,432,46,0,0,189,581,68,0,369,0,1070
ADNI_Go2_P05_G09.mzXML,999,78,3009,70,624,61,0,48,274,833,96,0,585,46,1369
ADNI_Go2_P05_G10.mzXML,888,75,2655,63,586,50,0,44,266,744,89,0,519,44,1259
ADNI_Go2_P05_G11.mzXML,681,68,2370,55,502,43,0,41,252,654,83,0,467,41,1084
ADNI_Go2_P05_G12.mzXML,849,55,2212,44,421,41,0,0,180,637,79,0,389,0,944
ADNI_Go2_P05_H01.mzXML,474,43,2014,0,366,0,0,0,111,415,59,0,270,0,772
ADNI_Go2_P05_H02.mzXML,757,77,2769,60,621,51,0,40,279,688,88,0,491,45,1216
ADNI_Go2_P05_H03.mzXML,915,80,3071,61,648,60,0,50,315,793,93,0,519,46,1283
ADNI_Go2_P05_H04.mzXML,802,78,2756,53,576,56,0,43,258,726,84,0,449,39,1114
ADNI_Go2_P05_H05.mzXML,637,50,2184,37,453,45,0,34,203,539,68,0,347,34,861
ADNI_Go2_P05_H06.mzXML,689,70,2649,59,579,48,0,41,264,694,91,0,492,46,1169
ADNI_Go2_P05_H07.mzXML,633,54,2071,40,409,33,0,0,209,581,73,0,370,35,834
ADNI_Go2_P05_H08.mzXML,900,68,2676,63,534,54,0,40,241,754,92,0,541,41,1215
ADNI_Go2_P05_H09.mzXML,729,58,2322,0,446,0,0,0,212,595,78,0,389,0,1007
ADNI_Go2_P05_H10.mzXML,662,59,2170,41,422,42,0,33,209,567,71,0,377,34,909
ADNI_Go2_P05_H11.mzXML,807,59,2275,51,459,40,0,0,218,689,80,0,432,0,915
ADNI_Go2_P05_H12.mzXML,693,67,2403,59,536,44,0,37,279,647,91,0,477,42,1136
Blank_Inj_P05_01.mzXML,919,0,2658,0,667,0,0,0,263,591,100,0,510,0,1432
Blank_Inj_P05_02.mzXML,312,31,1310,0,259,29,0,0,78,311,40,0,249,0,614
Blank_Inj_P05_03.mzXML,297,31,1154,0,240,25,0,0,68,279,38,0,235,25,580
Blank_Inj_P05_04.mzXML,273,34,1196,0,242,26,0,0,67,291,41,0,230,27,572
Blank_Inj_P05_05.mzXML,286,36,1319,0,262,28,0,0,83,306,48,0,245,28,618
Blank_Inj_P05_06.mzXML,316,34,1253,0,251,0,0,0,69,282,38,0,219,0,656
Blank_Inj_P05_07.mzXML,591,35,1516,0,299,0,0,0,107,311,47,0,231,0,706
Blank_Inj_P05_08.mzXML,542,48,2069,0,390,0,0,0,145,429,59,0,358,0,991
Blank_Inj_P05_09.mzXML,273,34,1314,0,257,27,0,0,77,296,43,0,226,29,586
Blank_Inj_P05_10.mzXML,200,30,1111,0,233,21,0,0,72,279,39,0,212,26,478
Blank_Inj_P05_11.mzXML,214,33,1284,0,247,24,0,0,77,319,47,0,235,30,510
Blank_Inj_P05_12.mzXML,198,30,1209,0,229,21,0,0,73,300,39,0,209,26,476
Blank_Inj_P05_13.mzXML,245,43,1594,30,350,32,0,0,126,374,56,0,302,34,742
Blank_Inj_P05_14.mzXML,344,47,1853,35,391,36,0,24,144,427,69,0,325,39,763
Blank_Inj_P05_15.mzXML,457,59,2343,0,469,0,0,0,184,489,70,0,409,0,1238
Blank_Inj_P05_16.mzXML,405,0,1399,0,294,0,0,0,86,309,45,0,248,0,767
Blank_Inj_P05_17.mzXML,320,0,1322,0,257,0,0,0,82,269,33,0,220,0,648
Blank_Inj_P05_18.mzXML,544,0,1751,0,348,0,0,0,108,362,58,0,283,0,848
Blank_Inj_P05_19.mzXML,336,36,1378,0,276,0,0,0,83,302,46,0,250,0,686
QC_Mix_P05_01_Start.mzXML,550,50,2190,48,485,44,0,0,205,445,66,0,375,47,993
QC_Mix_P05_02_Middle.mzXML,591,55,2398,52,520,0,0,0,215,460,74,0,408,50,1113
QC_Mix_P05_03_End.mzXML,607,47,2315,53,503,0,0,0,204,437,67,0,378,0,1059
ADNI_Go2_P06_A01.mzXML,449,42,1674,0,324,0,0,0,105,384,54,0,259,0,717
ADNI_Go2_P06_A02.mzXML,859,73,2835,63,557,58,0,45,274,776,97,0,535,41,1209
ADNI_Go2_P06_A03.mzXML,906,61,2493,55,498,51,0,0,221,677,78,0,468,0,1123
ADNI_Go2_P06_A04.mzXML,845,59,2346,56,485,0,0,0,213,712,79,0,438,0,977
ADNI_Go2_P06_A05.mzXML,811,67,2366,62,521,44,0,42,267,734,89,0,511,41,1117
ADNI_Go2_P06_A06.mzXML,787,53,2183,53,433,41,0,0,214,653,80,0,462,37,949
ADNI_Go2_P06_A07.mzXML,772,81,2861,67,665,54,0,47,311,770,100,0,541,49,1326
ADNI_Go2_P06_A08.mzXML,1029,89,3440,79,725,58,0,59,371,965,113,0,711,0,1658
ADNI_Go2_P06_A09.mzXML,722,73,2471,60,545,46,0,41,280,667,89,0,485,44,1198
ADNI_Go2_P06_A10.mzXML,848,76,2737,62,553,53,0,40,262,777,99,0,640,42,1215
ADNI_Go2_P06_A11.mzXML,729,68,2481,50,523,41,0,35,242,652,83,0,467,37,1033
ADNI_Go2_P06_A12.mzXML,844,62,2465,57,512,45,0,38,266,744,93,0,482,39,1037
ADNI_Go2_P06_B01.mzXML,544,57,2317,0,466,0,0,0,170,509,78,0,366,0,1060
ADNI_Go2_P06_B02.mzXML,955,89,3154,82,731,56,0,59,342,846,103,0,607,0,1512
ADNI_Go2_P06_B03.mzXML,729,60,2258,58,492,40,0,36,227,673,88,0,486,40,1025
ADNI_Go2_P06_B04.mzXML,873,66,2766,54,513,58,0,0,201,664,90,0,444,42,1195
ADNI_Go2_P06_B05.mzXML,557,45,1743,37,381,32,0,30,168,572,67,0,347,35,688
ADNI_Go2_P06_B06.mzXML,760,53,2228,47,413,39,0,0,169,617,83,0,399,37,909
ADNI_Go2_P06_B07.mzXML,973,89,3219,80,743,64,0,58,383,918,110,0,624,49,1476
ADNI_Go2_P06_B08.mzXML,809,59,2309,50,452,44,0,0,228,658,78,0,436,0,1007
ADNI_Go2_P06_B09.mzXML,767,68,2400,56,519,41,0,37,248,726,93,0,471,43,1074
ADNI_Go2_P06_B10.mzXML,783,57,2014,43,395,38,0,32,183,602,75,0,391,32,885
ADNI_Go2_P06_B11.mzXML,857,80,2635,60,590,53,0,48,259,798,91,26,522,43,1203
ADNI_Go2_P06_B12.mzXML,878,56,2349,49,429,42,0,0,181,702,76,0,416,0,989
ADNI_Go2_P06_C01.mzXML,453,44,1894,0,335,0,0,0,99,425,61,0,264,0,718
ADNI_Go2_P06_C02.mzXML,660,58,2285,53,492,42,0,32,220,592,83,0,439,38,1066
ADNI_Go2_P06_C03.mzXML,639,54,2172,42,423,42,0,0,200,576,76,0,392,36,924
ADNI_Go2_P06_C04.mzXML,603,52,2184,45,418,39,0,31,199,574,77,0,396,36,853
ADNI_Go2_P06_C05.mzXML,760,60,2223,47,464,42,0,37,211,699,75,0,431,35,925
ADNI_Go2_P06_C06.mzXML,602,57,2208,46,494,38,0,37,254,635,78,0,422,37,894
ADNI_Go2_P06_C07.mzXML,706,75,2836,58,574,52,0,47,276,693,91,26,499,41,1196
ADNI_Go2_P06_C08.mzXML,765,53,1974,51,416,37,0,0,191,601,78,0,415,0,901
ADNI_Go2_P06_C09.mzXML,751,73,2431,62,528,49,0,44,254,677,82,0,507,40,1175
ADNI_Go2_P06_C10.mzXML,795,64,2355,49,515,42,0,37,210,662,79,0,438,39,946
ADNI_Go2_P06_C11.mzXML,724,71,2618,49,526,52,0,40,237,647,80,0,431,39,1068
ADNI_Go2_P06_C12.mzXML,715,61,2194,45,449,44,0,0,224,579,80,0,403,35,998
ADNI_Go2_P06_D01.mzXML,387,41,1710,0,307,0,0,0,98,387,54,0,257,33,614
ADNI_Go2_P06_D02.mzXML,733,58,2212,56,479,39,0,33,240,650,82,0,462,38,986
ADNI_Go2_P06_D03.mzXML,679,57,2376,45,439,48,0,33,217,607,77,0,403,35,933
ADNI_Go2_P06_D04.mzXML,831,67,2589,58,527,49,0,38,241,707,84,0,481,39,1091
ADNI_Go2_P06_D05.mzXML,783,69,2238,52,466,41,0,0,246,724,84,0,586,0,959
ADNI_Go2_P06_D06.mzXML,1109,90,3208,66,661,58,0,0,281,905,94,0,569,0,1518
ADNI_Go2_P06_D07.mzXML,944,84,2976,62,605,54,0,48,287,822,93,0,566,47,1348
ADNI_Go2_P06_D08.mzXML,771,56,2108,48,446,43,0,39,224,616,70,0,412,36,930
ADNI_Go2_P06_D09.mzXML,922,88,3333,67,648,62,0,51,297,804,104,0,557,50,1527
ADNI_Go2_P06_D10.mzXML,784,87,3098,67,687,63,0,50,313,767,101,0,571,50,1362
ADNI_Go2_P06_D11.mzXML,867,90,3326,74,708,57,0,0,321,805,107,0,599,55,1596
ADNI_Go2_P06_D12.mzXML,979,81,2976,61,594,49,0,0,284,822,93,0,546,0,1355
ADNI_Go2_P06_E01.mzXML,509,0,1904,0,321,0,0,0,115,372,47,0,257,0,808
ADNI_Go2_P06_E02.mzXML,1008,74,3005,60,580,52,0,0,277,830,94,0,529,0,1379
ADNI_Go2_P06_E03.mzXML,869,88,3104,68,649,0,0,0,322,792,95,0,582,0,1580
ADNI_Go2_P06_E04.mzXML,905,93,3262,77,744,0,0,0,333,841,103,0,631,0,1696
ADNI_Go2_P06_E05.mzXML,895,74,2916,63,579,0,0,0,284,812,92,0,530,0,1277
ADNI_Go2_P06_E06.mzXML,708,76,2646,59,552,54,0,44,265,684,90,0,496,44,1186
ADNI_Go2_P06_E07.mzXML,581,67,2394,54,533,44,0,44,249,644,92,0,445,47,1005
ADNI_Go2_P06_E08.mzXML,851,65,2531,55,481,47,0,45,248,690,79,0,459,33,1059
ADNI_Go2_P06_E09.mzXML,775,56,2490,0,446,0,0,0,186,650,78,0,402,0,999
ADNI_Go2_P06_E10.mzXML,839,72,2712,59,570,0,0,0,287,730,87,0,504,0,1329
ADNI_Go2_P06_E11.mzXML,941,80,3009,73,637,63,0,50,296,813,101,0,555,42,1365
ADNI_Go2_P06_E12.mzXML,797,57,2221,48,454,42,0,0,199,626,78,0,420,0,930
ADNI_Go2_P06_F01.mzXML,364,51,1996,38,417,38,0,0,159,456,72,0,347,42,818
ADNI_Go2_P06_F02.mzXML,887,74,3029,65,616,50,0,0,292,812,103,0,582,50,1371
ADNI_Go2_P06_F03.mzXML,731,54,2120,54,413,35,0,33,176,642,77,0,413,35,827
ADNI_Go2_P06_F04.mzXML,776,63,2491,54,508,52,0,0,247,630,72,0,433,0,1171
ADNI_Go2_P06_F05.mzXML,750,49,2018,0,373,0,0,0,168,595,73,0,392,0,824
ADNI_Go2_P06_F06.mzXML,1063,89,3631,76,742,67,0,56,350,899,112,0,672,52,1721
ADNI_Go2_P06_F07.mzXML,932,82,3097,56,611,66,0,0,273,713,89,0,513,0,1534
ADNI_Go2_P06_F08.mzXML,996,72,2850,67,582,0,0,0,265,840,97,0,542,0,1341
ADNI_Go2_P06_F09.mzXML,931,87,3343,54,673,63,0,0,284,794,93,0,544,0,1511
ADNI_Go2_P06_F10.mzXML,760,56,2133,48,424,36,0,0,195,659,80,0,418,37,874
ADNI_Go2_P06_F11.mzXML,844,73,2764,64,580,49,0,46,304,749,90,0,531,41,1275
ADNI_Go2_P06_F12.mzXML,768,69,2540,60,560,44,0,38,245,710,93,0,508,45,1096
ADNI_Go2_P06_G01.mzXML,577,58,2423,0,444,0,0,0,164,527,67,0,379,0,1099
ADNI_Go2_P06_G02.mzXML,1068,100,3723,72,780,66,0,0,333,886,100,0,634,0,1821
ADNI_Go2_P06_G03.mzXML,824,53,2142,50,450,36,0,0,205,689,81,0,430,36,887
ADNI_Go2_P06_G04.mzXML,822,65,2607,58,567,48,0,0,227,724,91,0,482,47,1099
ADNI_Go2_P06_G05.mzXML,863,71,2834,65,587,50,0,0,240,778,99,0,532,47,1223
ADNI_Go2_P06_G06.mzXML,986,88,3433,69,710,63,0,51,324,919,115,0,633,54,1542
ADNI_Go2_P06_G07.mzXML,1144,86,3188,78,721,68,0,0,322,881,100,0,639,0,1586
ADNI_Go2_P06_G08.mzXML,865,78,3023,65,615,61,0,48,279,788,98,0,550,44,1272
ADNI_Go2_P06_G09.mzXML,981,85,2800,60,595,50,0,0,262,815,93,0,511,45,1302
ADNI_Go2_P06_G10.mzXML,811,78,2707,51,552,53,0,45,267,743,75,0,473,39,1124
ADNI_Go2_P06_G11.mzXML,954,73,2648,61,602,57,0,45,269,768,81,0,517,39,1213
ADNI_Go2_P06_G12.mzXML,933,71,3029,65,573,0,0,0,260,759,95,0,521,0,1418
ADNI_Go2_P06_H01.mzXML,644,65,2912,0,562,0,0,0,225,606,86,0,466,0,1327
ADNI_Go2_P06_H02.mzXML,999,79,3083,78,658,0,0,0,340,862,107,0,625,0,1597
ADNI_Go2_P06_H03.mzXML,964,92,3305,61,665,57,0,0,299,792,91,0,518,0,1527
ADNI_Go2_P06_H04.mzXML,793,57,2283,45,402,36,0,0,157,647,76,0,426,35,848
ADNI_Go2_P06_H05.mzXML,771,68,2553,46,503,49,0,37,228,599,73,0,400,33,1086
ADNI_Go2_P06_H06.mzXML,808,57,2311,48,438,52,0,0,198,617,70,0,395,0,942
ADNI_Go2_P06_H07.mzXML,830,66,2598,0,443,0,0,0,176,602,76,0,371,0,1070
ADNI_Go2_P06_H08.mzXML,685,56,2205,47,458,43,0,0,220,577,72,0,405,0,975
ADNI_Go2_P06_H09.mzXML,884,68,2573,50,486,50,0,38,226,715,83,0,436,36,1022
ADNI_Go2_P06_H10.mzXML,518,46,2075,0,353,0,0,0,122,431,58,0,289,0,795
ADNI_Go2_P06_H11.mzXML,765,55,2285,0,433,0,0,0,205,570,69,0,343,0,986
ADNI_Go2_P06_H12.mzXML,873,60,2422,46,434,51,0,0,187,663,77,0,398,0,989
Blank_Inj_P06_01.mzXML,242,36,1293,0,254,26,0,0,79,311,48,0,252,30,542
Blank_Inj_P06_02.mzXML,338,35,1549,0,294,0,0,0,87,325,49,0,248,0,709
Blank_Inj_P06_03.mzXML,334,34,1437,0,275,0,0,0,87,300,44,0,247,0,709
Blank_Inj_P06_04.mzXML,231,30,1241,0,242,24,0,0,77,284,40,0,219,26,519
Blank_Inj_P06_05.mzXML,205,32,1220,0,239,22,0,0,74,289,42,0,232,28,485
Blank_Inj_P06_06.mzXML,229,36,1338,0,254,27,0,0,88,322,48,0,257,30,540
Blank_Inj_P06_07.mzXML,352,34,1542,0,293,30,0,0,96,342,53,0,245,30,582
Blank_Inj_P06_08.mzXML,207,29,1172,19,227,21,0,0,61,292,42,0,202,26,473
Blank_Inj_P06_09.mzXML,311,37,1380,0,273,31,0,0,88,323,46,0,249,30,651
Blank_Inj_P06_10.mzXML,482,36,1452,0,288,0,0,0,96,307,45,0,231,0,728
Blank_Inj_P06_11.mzXML,350,43,1879,39,384,36,0,0,136,388,58,0,313,0,925
Blank_Inj_P06_12.mzXML,332,34,1498,24,284,28,0,0,93,341,53,0,238,30,548
Blank_Inj_P06_13.mzXML,230,34,1232,0,249,24,0,0,77,301,46,0,227,29,535
Blank_Inj_P06_14.mzXML,229,31,1122,0,239,22,0,0,73,282,42,0,214,26,510
Blank_Inj_P06_15.mzXML,283,35,1324,0,265,28,0,0,89,309,46,0,242,28,619
Blank_Inj_P06_16.mzXML,608,0,1726,0,351,0,0,0,96,335,54,0,269,0,897
Blank_Inj_P06_17.mzXML,337,37,1386,0,269,0,0,0,79,321,44,0,252,0,703
Blank_Inj_P06_18.mzXML,228,33,1250,0,240,25,0,0,76,294,42,0,226,28,515
Blank_Inj_P06_19.mzXML,327,35,1207,0,255,0,0,0,68,295,41,0,233,0,657
QC_Mix_P06_01_Start.mzXML,562,45,2253,48,466,0,0,0,194,439,65,0,351,42,975
QC_Mix_P06_02_Middle.mzXML,571,53,2311,53,507,0,0,0,213,456,66,0,372,46,1090
QC_Mix_P06_03_End.mzXML,561,50,2111,45,481,43,0,0,183,458,74,0,373,42,974
ADNI_Go2_P07_A01.mzXML,384,48,1993,36,387,36,0,26,143,437,65,0,336,40,797
ADNI_Go2_P07_A02.mzXML,807,0,1734,0,340,0,0,0,132,522,63,0,323,0,793
ADNI_Go2_P07_A03.mzXML,731,41,1769,36,323,39,0,0,120,495,66,0,318,0,725
ADNI_Go2_P07_A04.mzXML,826,63,2236,57,515,47,0,0,219,656,85,0,486,40,1104
ADNI_Go2_P07_A05.mzXML,695,57,2289,51,504,43,0,37,240,648,84,0,438,41,984
ADNI_Go2_P07_A06.mzXML,652,52,1991,39,380,39,0,0,148,521,67,0,358,35,865
ADNI_Go2_P07_A07.mzXML,882,67,2406,56,507,54,0,36,217,705,86,0,472,40,1154
ADNI_Go2_P07_A08.mzXML,743,58,2156,47,474,43,0,0,204,587,72,0,394,0,1027
ADNI_Go2_P07_A09.mzXML,792,52,1880,45,392,36,0,0,188,594,74,0,390,0,899
ADNI_Go2_P07_A10.mzXML,753,56,2134,51,484,44,0,37,214,604,80,0,417,39,985
ADNI_Go2_P07_A11.mzXML,787,64,2246,56,527,40,0,35,199,657,82,0,466,39,1094
ADNI_Go2_P07_A12.mzXML,704,49,1808,42,401,38,0,0,181,616,72,0,363,37,786
ADNI_Go2_P07_B01.mzXML,750,44,1901,0,350,41,0,0,161,534,73,0,351,0,780
ADNI_Go2_P07_B02.mzXML,775,50,1977,40,412,0,0,0,186,645,72,0,350,0,832
ADNI_Go2_P07_B03.mzXML,725,57,2177,57,501,42,0,39,245,691,84,0,449,42,991
ADNI_Go2_P07_B04.mzXML,794,51,2269,54,477,50,0,0,211,640,85,0,441,0,1055
ADNI_Go2_P07_B05.mzXML,556,39,1725,32,334,33,0,0,165,461,66,0,287,31,706
ADNI_Go2_P07_B06.mzXML,785,61,2068,50,448,46,0,38,205,624,82,0,430,40,998
ADNI_Go2_P07_B07.mzXML,561,40,1740,32,316,33,0,0,131,455,65,0,278,31,671
ADNI_Go2_P07_B08.mzXML,706,50,2183,47,451,43,0,33,212,622,86,0,420,40,947
ADNI_Go2_P07_B09.mzXML,778,62,2450,53,529,46,0,0,255,688,83,0,457,44,1085
ADNI_Go2_P07_B10.mzXML,742,47,1819,38,378,37,0,0,121,528,67,0,337,35,760
ADNI_Go2_P07_B11.mzXML,865,57,2025,51,457,41,0,0,201,682,77,0,420,0,969
ADNI_Go2_P07_B12.mzXML,852,68,2398,60,548,47,0,0,234,661,87,0,478,41,1148
ADNI_Go2_P07_C01.mzXML,871,70,2589,63,584,52,0,41,286,720,90,0,531,42,1231
ADNI_Go2_P07_C02.mzXML,693,41,1796,35,323,36,0,0,127,514,64,0,332,33,708
ADNI_Go2_P07_C03.mzXML,772,59,2201,52,505,45,0,0,206,615,77,0,459,40,982
ADNI_Go2_P07_C04.mzXML,556,47,1722,0,376,0,0,0,169,488,63,0,294,34,694
ADNI_Go2_P07_C05.mzXML,760,53,2225,48,459,47,0,0,177,607,83,0,417,42,933
ADNI_Go2_P07_C06.mzXML,789,53,2064,44,422,41,0,0,185,605,74,0,407,0,908
ADNI_Go2_P07_C07.mzXML,691,41,1706,35,323,36,0,0,140,509,63,0,322,0,726
ADNI_Go2_P07_C08.mzXML,889,66,2240,50,479,45,0,35,218,651,80,0,431,35,1029
ADNI_Go2_P07_C09.mzXML,882,65,2427,54,513,50,0,0,198,663,79,0,419,0,1129
ADNI_Go2_P07_C10.mzXML,863,68,2615,63,550,50,0,0,264,746,90,0,509,45,1202
ADNI_Go2_P07_C11.mzXML,725,58,2159,54,513,45,0,38,220,629,80,0,457,41,1012
ADNI_Go2_P07_C12.mzXML,758,46,1941,44,403,44,0,0,202,600,71,0,366,0,825
ADNI_Go2_P07_D01.mzXML,752,72,2600,65,623,51,0,43,320,689,88,0,531,43,1246
ADNI_Go2_P07_D02.mzXML,806,66,2276,53,489,0,0,0,221,628,70,0,431,0,1109
ADNI_Go2_P07_D03.mzXML,792,57,2080,45,455,51,0,0,215,591,83,0,414,37,1011
ADNI_Go2_P07_D04.mzXML,667,57,2108,46,455,40,0,0,209,577,71,0,422,0,1022
ADNI_Go2_P07_D05.mzXML,937,76,2716,67,561,59,0,44,264,733,87,0,525,0,1346
ADNI_Go2_P07_D06.mzXML,933,72,2470,53,503,53,0,0,194,665,75,0,431,0,1158
ADNI_Go2_P07_D07.mzXML,777,55,2129,40,443,44,0,34,182,601,70,0,370,36,864
ADNI_Go2_P07_D08.mzXML,794,51,2159,52,413,43,0,0,204,660,77,0,423,0,941
ADNI_Go2_P07_D09.mzXML,830,56,2181,45,410,48,0,0,179,619,73,0,408,0,980
ADNI_Go2_P07_D10.mzXML,817,49,1844,43,412,37,0,0,181,577,69,0,403,0,863
ADNI_Go2_P07_D11.mzXML,587,42,1992,0,345,42,0,0,137,490,69,0,313,0,776
ADNI_Go2_P07_D12.mzXML,699,58,2362,45,497,0,0,0,211,555,70,0,383,0,1048
ADNI_Go2_P07_E01.mzXML,681,61,2296,49,492,44,0,0,243,624,79,0,455,39,1109
ADNI_Go2_P07_E02.mzXML,881,61,2461,51,490,0,0,0,213,678,77,0,415,0,1079
ADNI_Go2_P07_E03.mzXML,813,61,2295,61,505,42,0,0,224,651,85,0,465,0,1143
ADNI_Go2_P07_E04.mzXML,664,54,2071,50,422,42,0,0,224,586,72,0,418,0,956
ADNI_Go2_P07_E05.mzXML,797,77,2734,66,622,55,0,48,311,708,90,0,524,45,1301
ADNI_Go2_P07_E06.mzXML,583,54,2087,44,436,43,0,0,192,531,80,0,381,41,916
ADNI_Go2_P07_E07.mzXML,818,73,2643,60,538,61,0,0,222,612,83,0,545,0,1278
ADNI_Go2_P07_E08.mzXML,764,65,2540,56,530,46,0,0,239,658,88,0,490,44,1153
ADNI_Go2_P07_E09.mzXML,545,61,2218,50,481,39,0,0,214,557,72,0,428,41,1051
ADNI_Go2_P07_E10.mzXML,627,56,1969,46,445,35,0,0,235,539,66,0,401,0,959
ADNI_Go2_P07_E11.mzXML,627,46,1961,0,378,0,0,0,177,515,72,0,333,0,877
ADNI_Go2_P07_E12.mzXML,677,59,2059,45,450,41,0,0,202,562,73,0,382,36,975
ADNI_Go2_P07_F01.mzXML,697,58,2169,45,467,41,0,0,207,552,70,0,392,0,1041
ADNI_Go2_P07_F02.mzXML,821,69,2651,64,581,50,0,40,231,727,96,0,516,46,1200
ADNI_Go2_P07_F03.mzXML,821,55,2334,47,470,0,0,0,190,642,79,0,372,0,894
ADNI_Go2_P07_F04.mzXML,626,57,1996,44,465,36,0,0,209,561,77,0,372,36,943
ADNI_Go2_P07_F05.mzXML,662,69,2499,57,561,46,0,37,246,630,86,0,465,45,1161
ADNI_Go2_P07_F06.mzXML,694,68,2273,54,500,44,0,0,193,613,84,0,441,44,1112
ADNI_Go2_P07_F07.mzXML,727,59,2430,52,487,47,0,0,206,607,81,0,411,0,1075
ADNI_Go2_P07_F08.mzXML,889,70,2441,62,533,53,0,42,254,700,86,0,504,36,1238
ADNI_Go2_P07_F09.mzXML,801,52,2310,0,444,0,0,0,178,618,74,0,384,0,965
ADNI_Go2_P07_F10.mzXML,892,70,2809,56,605,62,0,0,285,750,87,0,505,0,1222
ADNI_Go2_P07_F11.mzXML,707,66,2496,54,511,46,0,0,210,652,87,0,434,44,1114
ADNI_Go2_P07_F12.mzXML,684,56,2176,40,449,45,0,0,220,574,66,0,347,0,925
ADNI_Go2_P07_G01.mzXML,707,48,1775,45,365,34,0,30,182,582,68,0,405,33,782
ADNI_Go2_P07_G02.mzXML,838,76,2334,56,515,46,0,39,242,755,92,0,579,40,1145
ADNI_Go2_P07_G03.mzXML,654,58,2251,48,488,42,0,0,230,653,79,0,412,40,1013
ADNI_Go2_P07_G04.mzXML,728,69,2532,54,559,46,0,0,227,679,83,0,462,42,1164
ADNI_Go2_P07_G05.mzXML,778,60,2318,51,465,49,0,38,204,634,87,0,434,42,1033
ADNI_Go2_P07_G06.mzXML,518,0,1964,0,348,0,0,0,129,435,60,0,276,0,818
ADNI_Go2_P07_G07.mzXML,752,56,2116,48,436,44,0,35,158,616,80,0,400,38,964
ADNI_Go2_P07_G08.mzXML,631,44,1612,34,328,34,0,0,130,493,57,0,312,30,707
ADNI_Go2_P07_G09.mzXML,687,59,2042,43,435,46,0,0,198,529,75,0,371,38,983
ADNI_Go2_P07_G10.mzXML,829,49,2066,0,356,46,0,0,126,569,70,0,318,0,807
ADNI_Go2_P07_G11.mzXML,751,0,1696,33,319,0,0,0,152,451,48,0,239,0,654
ADNI_Go2_P07_G12.mzXML,680,31,1626,35,294,0,0,0,125,438,52,0,280,0,642
ADNI_Go2_P07_H01.mzXML,789,78,2766,56,593,58,0,48,250,713,91,0,486,50,1247
ADNI_Go2_P07_H02.mzXML,639,46,1909,0,338,0,0,0,127,484,63,0,308,0,765
ADNI_Go2_P07_H03.mzXML,786,66,2325,55,505,47,0,41,200,642,83,0,448,43,1049
ADNI_Go2_P07_H04.mzXML,775,60,2273,54,499,44,0,40,217,639,80,0,420,39,1031
ADNI_Go2_P07_H05.mzXML,793,52,2066,50,406,40,0,0,190,624,76,0,408,33,929
ADNI_Go2_P07_H06.mzXML,776,60,2136,54,472,41,0,0,191,613,83,0,441,37,1042
ADNI_Go2_P07_H07.mzXML,638,46,1849,33,333,40,0,0,113,458,61,0,291,33,752
ADNI_Go2_P07_H08.mzXML,869,65,2162,52,465,42,0,35,184,627,76,0,414,35,1004
ADNI_Go2_P07_H09.mzXML,851,70,2398,60,555,43,0,0,204,727,85,0,478,43,1157
ADNI_Go2_P07_H10.mzXML,697,40,1814,36,364,35,0,0,160,500,64,0,323,35,703
ADNI_Go2_P07_H11.mzXML,440,40,1731,28,378,31,0,27,171,454,56,0,290,34,638
ADNI_Go2_P07_H12.mzXML,731,48,2096,46,463,40,0,0,212,555,76,0,402,40,903
Blank_Inj_P07_01.mzXML,684,0,1693,0,439,0,0,0,149,371,67,0,346,0,1042
Blank_Inj_P07_02.mzXML,388,0,1398,0,289,0,0,0,87,309,45,0,256,0,726
Blank_Inj_P07_03.mzXML,282,29,1195,0,238,25,0,0,68,269,39,0,216,26,561
Blank_Inj_P07_04.mzXML,291,35,1327,0,255,29,0,0,81,302,47,0,244,29,561
Blank_Inj_P07_05.mzXML,354,36,1319,0,262,32,0,0,79,301,44,0,246,0,643
Blank_Inj_P07_06.mzXML,345,35,1288,0,246,31,0,0,70,293,42,0,230,28,611
Blank_Inj_P07_07.mzXML,369,31,1308,0,269,0,0,0,72,286,41,0,221,0,660
Blank_Inj_P07_08.mzXML,303,32,1307,0,246,27,0,0,70,281,42,0,228,0,618
Blank_Inj_P07_09.mzXML,272,30,1113,0,223,25,0,0,62,270,38,0,204,25,488
Blank_Inj_P07_10.mzXML,289,34,1224,0,248,28,0,0,68,290,42,0,216,27,590
Blank_Inj_P07_11.mzXML,383,0,1310,0,259,0,0,0,74,283,43,0,238,0,683
Blank_Inj_P07_12.mzXML,367,36,1287,0,255,0,0,0,75,282,42,0,224,0,713
Blank_Inj_P07_13.mzXML,279,36,1290,0,250,30,0,0,75,306,46,0,231,30,540
Blank_Inj_P07_14.mzXML,339,33,1253,0,255,0,0,0,73,284,41,0,225,0,616
Blank_Inj_P07_15.mzXML,224,31,1281,0,267,22,0,0,103,282,42,0,215,29,486
Blank_Inj_P07_16.mzXML,448,34,1162,0,253,26,0,0,73,291,42,0,220,28,592
Blank_Inj_P07_17.mzXML,230,32,1203,0,232,24,0,0,65,287,41,0,224,28,500
Blank_Inj_P07_18.mzXML,204,32,1104,17,224,22,0,0,64,285,41,0,212,27,465
Blank_Inj_P07_19.mzXML,271,34,1220,0,245,25,0,0,65,296,42,0,231,27,573
QC_Mix_P07_01_Start.mzXML,455,44,1871,45,411,44,0,0,132,386,61,0,334,0,989
QC_Mix_P07_02_Middle.mzXML,452,46,1912,47,418,42,0,0,143,392,61,0,355,0,1007
QC_Mix_P07_03_End.mzXML,429,50,1905,42,428,37,0,0,149,430,69,0,345,45,852
ADNI_Go2_P08_A01.mzXML,441,46,1980,37,403,37,0,0,147,413,62,0,350,36,870
ADNI_Go2_P08_A02.mzXML,674,51,1970,46,451,37,0,0,218,593,77,0,407,41,890
ADNI_Go2_P08_A03.mzXML,611,61,2525,51,520,42,29,38,261,648,88,0,454,39,1010
ADNI_Go2_P08_A04.mzXML,705,70,2323,52,508,46,0,37,233,623,88,0,451,41,1125
ADNI_Go2_P08_A05.mzXML,895,77,2462,58,519,58,0,43,252,760,86,0,509,43,1222
ADNI_Go2_P08_A06.mzXML,598,51,2047,41,401,36,0,0,206,556,70,0,402,34,834
ADNI_Go2_P08_A07.mzXML,738,60,2081,49,443,44,0,35,194,610,82,0,406,40,957
ADNI_Go2_P08_A08.mzXML,775,54,2037,46,436,37,0,0,171,597,74,0,387,33,899
ADNI_Go2_P08_A09.mzXML,695,38,1796,36,321,36,0,0,145,534,68,0,344,0,728
ADNI_Go2_P08_A10.mzXML,794,64,2375,49,479,52,0,39,214,676,84,0,430,40,1048
ADNI_Go2_P08_A11.mzXML,600,40,1667,32,312,29,0,25,144,524,72,0,333,34,598
ADNI_Go2_P08_A12.mzXML,669,60,2433,47,522,45,0,0,233,629,80,0,409,43,1054
ADNI_Go2_P08_B01.mzXML,326,33,1467,22,259,23,0,0,80,320,46,0,238,29,505
ADNI_Go2_P08_B02.mzXML,670,50,1902,34,388,38,0,32,180,566,68,0,351,33,743
ADNI_Go2_P08_B03.mzXML,685,65,2276,57,540,46,0,44,278,619,80,0,452,42,1108
ADNI_Go2_P08_B04.mzXML,614,48,2035,40,422,40,0,0,183,569,78,0,392,39,904
ADNI_Go2_P08_B05.mzXML,696,59,1893,41,395,38,0,31,179,559,71,0,361,33,923
ADNI_Go2_P08_B06.mzXML,658,72,2630,58,620,41,0,47,272,725,93,0,531,49,1193
ADNI_Go2_P08_B07.mzXML,848,75,2510,59,552,45,0,38,231,711,90,0,620,42,1150
ADNI_Go2_P08_B08.mzXML,760,51,2018,44,391,35,0,0,172,588,73,0,380,32,848
ADNI_Go2_P08_B09.mzXML,562,57,2093,44,478,38,0,35,226,552,75,0,384,39,938
ADNI_Go2_P08_B10.mzXML,718,63,2176,44,464,41,0,33,197,564,72,0,380,34,993
ADNI_Go2_P08_B11.mzXML,855,67,2600,58,609,47,0,41,313,708,86,0,478,40,1179
ADNI_Go2_P08_B12.mzXML,591,53,1714,35,361,37,0,0,146,471,60,0,344,30,880
ADNI_Go2_P08_C01.mzXML,692,66,2352,52,515,43,0,40,206,597,76,0,407,42,1060
ADNI_Go2_P08_C02.mzXML,716,62,2008,42,409,40,0,0,172,559,73,0,371,35,929
ADNI_Go2_P08_C03.mzXML,684,39,1775,33,320,35,0,0,140,531,71,0,320,32,696
ADNI_Go2_P08_C04.mzXML,596,41,1783,0,328,0,0,0,124,455,60,0,290,0,787
ADNI_Go2_P08_C05.mzXML,647,59,2140,52,480,39,0,35,233,586,76,0,427,37,1050
ADNI_Go2_P08_C06.mzXML,823,63,2330,60,514,43,0,0,256,672,90,0,472,39,1178
ADNI_Go2_P08_C07.mzXML,605,50,1975,38,384,35,0,0,173,531,75,0,351,34,795
ADNI_Go2_P08_C08.mzXML,747,56,2064,55,479,41,0,0,221,658,82,0,433,44,988
ADNI_Go2_P08_C09.mzXML,657,39,1629,39,328,32,0,0,158,523,67,0,326,0,691
ADNI_Go2_P08_C10.mzXML,717,53,1899,46,400,37,0,0,153,574,75,0,357,38,890
ADNI_Go2_P08_C11.mzXML,618,55,2255,46,479,38,0,0,192,574,73,0,379,42,948
ADNI_Go2_P08_C12.mzXML,738,69,2372,51,522,50,0,37,242,667,84,0,456,40,1168
ADNI_Go2_P08_D01.mzXML,662,59,2298,50,487,40,0,33,216,629,82,0,438,38,1055
ADNI_Go2_P08_D02.mzXML,594,47,1714,37,390,30,0,26,167,541,72,0,395,32,749
ADNI_Go2_P08_D03.mzXML,729,47,1949,37,342,41,0,0,112,571,70,0,343,34,772
ADNI_Go2_P08_D04.mzXML,676,41,1767,0,331,0,0,0,143,563,68,0,327,34,673
ADNI_Go2_P08_D05.mzXML,655,73,2326,55,550,43,0,44,268,654,82,0,467,42,1118
ADNI_Go2_P08_D06.mzXML,705,53,2075,54,441,40,0,36,226,625,81,0,427,39,932
ADNI_Go2_P08_D07.mzXML,700,59,2051,53,467,36,0,34,212,664,84,0,450,39,951
ADNI_Go2_P08_D08.mzXML,487,47,1929,39,400,36,0,30,179,518,77,0,343,38,790
ADNI_Go2_P08_D09.mzXML,701,66,2377,53,550,43,0,38,260,676,86,0,456,40,1142
ADNI_Go2_P08_D10.mzXML,510,38,1644,25,293,31,0,0,122,482,60,0,282,31,587
ADNI_Go2_P08_D11.mzXML,587,40,1503,30,287,28,0,0,119,499,65,0,289,32,546
ADNI_Go2_P08_D12.mzXML,747,51,1938,41,376,32,0,0,163,650,74,0,397,33,788
ADNI_Go2_P08_E01.mzXML,567,42,1710,0,329,35,0,0,149,450,60,0,307,32,718
ADNI_Go2_P08_E02.mzXML,736,49,1825,40,365,33,0,0,144,556,74,0,378,30,827
ADNI_Go2_P08_E03.mzXML,655,50,1961,38,372,38,0,0,151,512,65,0,348,33,866
ADNI_Go2_P08_E04.mzXML,625,48,1756,0,336,39,0,0,150,466,59,0,294,0,769
ADNI_Go2_P08_E05.mzXML,771,59,2096,46,436,43,0,35,198,627,79,0,410,38,974
ADNI_Go2_P08_E06.mzXML,819,61,2292,58,527,44,0,37,247,704,87,0,486,40,1115
ADNI_Go2_P08_E07.mzXML,778,63,2324,53,504,44,0,0,203,670,85,0,433,45,1028
ADNI_Go2_P08_E08.mzXML,670,52,1972,41,403,41,0,0,178,555,73,0,385,35,907
ADNI_Go2_P08_E09.mzXML,807,51,2011,48,393,39,0,0,173,587,69,0,385,0,958
ADNI_Go2_P08_E10.mzXML,604,41,1827,0,346,0,0,0,166,474,64,0,319,0,810
ADNI_Go2_P08_E11.mzXML,685,48,2083,36,406,41,0,32,179,598,71,0,367,35,771
ADNI_Go2_P08_E12.mzXML,649,53,1961,34,423,40,0,28,192,532,72,0,349,34,849
ADNI_Go2_P08_F01.mzXML,721,49,1886,42,368,35,0,29,170,575,68,0,378,31,791
ADNI_Go2_P08_F02.mzXML,707,56,2153,49,487,42,0,37,225,637,84,0,426,40,967
ADNI_Go2_P08_F03.mzXML,688,56,2218,49,478,40,0,36,210,631,84,0,412,41,941
ADNI_Go2_P08_F04.mzXML,623,38,1587,29,285,29,0,0,123,498,62,0,315,30,580
ADNI_Go2_P08_F05.mzXML,506,55,2107,43,466,36,0,38,232,565,74,0,392,42,879
ADNI_Go2_P08_F06.mzXML,787,62,2258,56,484,45,0,35,219,663,85,0,472,41,1080
ADNI_Go2_P08_F07.mzXML,477,37,1478,25,277,26,0,0,104,427,58,0,247,30,534
ADNI_Go2_P08_F08.mzXML,588,49,1810,36,356,33,0,0,153,505,68,0,341,32,756
ADNI_Go2_P08_F09.mzXML,645,51,1939,36,363,33,0,0,141,523,61,0,321,32,781
ADNI_Go2_P08_F10.mzXML,620,54,2018,40,446,33,0,30,182,541,63,0,380,34,833
ADNI_Go2_P08_F11.mzXML,756,54,2216,48,434,40,0,0,168,628,83,0,388,41,919
ADNI_Go2_P08_F12.mzXML,862,66,2419,58,515,46,0,0,224,749,84,0,477,41,1151
ADNI_Go2_P08_G01.mzXML,593,58,2235,45,492,38,0,34,201,585,79,0,399,44,929
ADNI_Go2_P08_G02.mzXML,772,52,1839,38,387,37,0,32,163,593,64,0,364,33,813
ADNI_Go2_P08_G03.mzXML,568,54,2195,43,441,41,0,36,213,600,81,0,398,42,918
ADNI_Go2_P08_G04.mzXML,736,50,1968,42,383,35,0,30,195,633,79,0,400,34,805
ADNI_Go2_P08_G05.mzXML,831,61,2119,46,413,42,0,34,199,674,81,0,409,33,959
ADNI_Go2_P08_G06.mzXML,528,39,1698,0,332,32,0,0,142,452,56,0,291,31,616
ADNI_Go2_P08_G07.mzXML,660,55,2106,45,425,41,0,34,178,634,75,0,403,37,937
ADNI_Go2_P08_G08.mzXML,814,64,2430,62,547,45,0,40,252,691,85,0,500,38,1152
ADNI_Go2_P08_G09.mzXML,712,60,2181,42,456,0,0,0,186,567,70,0,365,0,967
ADNI_Go2_P08_G10.mzXML,642,43,1734,34,315,41,0,0,135,534,60,0,324,30,756
ADNI_Go2_P08_G11.mzXML,444,40,1651,0,337,0,0,0,158,417,50,0,289,0,711
ADNI_Go2_P08_G12.mzXML,767,50,1968,39,405,37,0,0,168,585,67,0,338,0,814
ADNI_Go2_P08_H01.mzXML,498,51,1974,43,415,38,0,31,175,544,76,0,397,40,815
ADNI_Go2_P08_H02.mzXML,525,51,2067,39,414,40,0,0,178,542,71,0,348,38,931
ADNI_Go2_P08_H03.mzXML,824,60,2333,57,494,40,0,0,215,649,82,0,443,0,1072
ADNI_Go2_P08_H04.mzXML,660,52,1934,0,366,39,0,0,111,522,68,0,296,36,798
ADNI_Go2_P08_H05.mzXML,698,58,1957,39,390,36,0,0,145,544,66,0,338,34,880
ADNI_Go2_P08_H06.mzXML,635,59,2237,49,466,40,0,32,212,581,80,0,423,36,1043
ADNI_Go2_P08_H07.mzXML,626,48,2000,43,411,38,0,31,176,592,81,0,383,40,808
ADNI_Go2_P08_H08.mzXML,739,42,1751,0,324,0,0,0,110,541,66,0,300,0,720
ADNI_Go2_P08_H09.mzXML,689,41,1785,36,320,36,0,0,110,510,69,0,305,33,686
ADNI_Go2_P08_H10.mzXML,712,54,2007,38,383,0,0,0,127,528,67,0,327,0,888
ADNI_Go2_P08_H11.mzXML,530,45,1696,32,355,31,0,0,143,455,61,0,301,32,694
ADNI_Go2_P08_H12.mzXML,511,49,1894,0,386,0,0,0,165,456,57,0,287,0,794
Blank_Inj_P08_01.mzXML,480,0,1422,0,326,0,0,0,112,324,51,0,270,0,772
Blank_Inj_P08_02.mzXML,270,34,1245,0,238,25,0,0,67,291,41,0,228,28,570
Blank_Inj_P08_03.mzXML,306,35,1231,0,247,27,0,0,69,295,44,0,248,28,597
Blank_Inj_P08_04.mzXML,294,34,1232,0,246,28,0,0,68,291,41,0,237,27,595
Blank_Inj_P08_05.mzXML,296,34,1237,0,244,27,0,0,68,292,41,0,231,27,598
Blank_Inj_P08_06.mzXML,270,34,1232,0,243,25,0,0,69,291,42,0,214,28,572
Blank_Inj_P08_07.mzXML,297,34,1348,0,243,27,0,0,66,292,41,0,233,28,606
Blank_Inj_P08_08.mzXML,294,34,1220,0,242,27,0,0,67,290,41,0,237,27,588
Blank_Inj_P08_09.mzXML,447,36,1249,0,263,29,0,0,76,300,45,0,224,29,599
Blank_Inj_P08_10.mzXML,293,34,1230,0,242,28,0,0,65,290,41,0,217,27,591
Blank_Inj_P08_11.mzXML,326,36,1304,0,262,0,0,0,71,303,45,0,238,0,682
Blank_Inj_P08_12.mzXML,220,32,1165,0,223,23,0,0,61,284,40,0,210,28,483
Blank_Inj_P08_13.mzXML,299,32,1307,0,260,0,0,0,79,287,41,0,223,0,608
Blank_Inj_P08_14.mzXML,277,32,1180,0,236,27,0,0,65,280,41,0,216,28,564
Blank_Inj_P08_15.mzXML,219,29,1090,0,219,21,0,0,60,268,37,0,201,25,468
Blank_Inj_P08_16.mzXML,293,32,1225,0,246,25,0,0,69,279,42,0,216,26,596
Blank_Inj_P08_17.mzXML,299,36,1328,0,261,30,0,0,80,304,46,0,244,28,627
Blank_Inj_P08_18.mzXML,226,32,1146,0,226,23,0,0,64,285,40,0,221,27,489
Blank_Inj_P08_19.mzXML,271,31,1140,0,232,23,0,0,65,274,38,0,226,25,542
QC_Mix_P08_01_Start.mzXML,514,52,2167,46,465,43,0,0,175,454,73,0,376,47,973
QC_Mix_P08_02_Middle.mzXML,419,41,1766,0,355,39,0,0,125,358,58,0,291,38,795
QC_Mix_P08_03_End.mzXML,621,53,2107,47,480,47,0,0,183,444,75,0,361,0,1002
ADNI_Go2_P09_A01.mzXML,454,42,1947,0,356,38,0,0,118,407,58,0,299,34,764
ADNI_Go2_P09_A02.mzXML,740,38,1679,38,322,33,0,0,120,513,62,0,342,0,705
ADNI_Go2_P09_A03.mzXML,562,38,1584,31,312,31,0,0,113,482,62,0,273,31,669
ADNI_Go2_P09_A04.mzXML,686,62,2390,52,518,43,0,36,254,629,84,0,463,39,1125
ADNI_Go2_P09_A05.mzXML,804,62,2482,58,510,45,0,37,257,683,89,0,492,41,1152
ADNI_Go2_P09_A06.mzXML,768,61,2223,55,487,41,0,36,238,679,85,0,469,39,1077
ADNI_Go2_P09_A07.mzXML,907,55,2168,57,508,38,0,36,231,688,77,0,437,34,982
ADNI_Go2_P09_A08.mzXML,658,52,1921,38,404,42,0,0,175,555,65,0,343,0,857
ADNI_Go2_P09_A09.mzXML,783,67,2376,56,570,46,29,38,251,799,93,0,519,43,1091
ADNI_Go2_P09_A10.mzXML,795,61,2293,55,489,44,0,37,238,691,84,0,472,39,1102
ADNI_Go2_P09_A11.mzXML,695,53,2008,41,418,38,0,0,201,558,74,0,379,0,923
ADNI_Go2_P09_A12.mzXML,747,60,2195,53,483,41,0,37,232,711,82,25,466,36,1013
ADNI_Go2_P09_B01.mzXML,427,35,1638,0,301,31,0,0,86,363,55,0,262,29,651
ADNI_Go2_P09_B02.mzXML,830,61,2399,59,517,44,0,0,258,705,94,0,501,37,1128
ADNI_Go2_P09_B03.mzXML,726,43,1872,40,378,38,0,0,178,586,73,0,354,0,778
ADNI_Go2_P09_B04.mzXML,730,69,2350,52,508,47,0,37,222,619,80,0,449,40,1155
ADNI_Go2_P09_B05.mzXML,841,66,2356,56,510,47,0,37,222,680,88,0,488,38,1143
ADNI_Go2_P09_B06.mzXML,715,39,1690,39,346,32,0,31,160,537,61,0,337,26,752
ADNI_Go2_P09_B07.mzXML,757,49,1821,37,346,40,0,0,160,567,67,0,339,33,802
ADNI_Go2_P09_B08.mzXML,822,48,1942,41,393,43,0,32,177,609,72,0,349,29,854
ADNI_Go2_P09_B09.mzXML,551,48,2003,43,433,36,0,33,175,556,74,0,390,40,841
ADNI_Go2_P09_B10.mzXML,724,53,2283,49,437,44,0,0,190,603,82,0,425,41,960
ADNI_Go2_P09_B11.mzXML,601,43,1918,34,368,39,0,0,187,485,62,0,322,34,788
ADNI_Go2_P09_B12.mzXML,727,40,1752,41,352,35,0,0,148,602,70,0,338,35,739
ADNI_Go2_P09_C01.mzXML,553,41,1766,32,367,34,0,28,179,545,66,0,323,33,672
ADNI_Go2_P09_C02.mzXML,592,41,1734,34,330,33,0,28,139,532,62,0,336,32,702
ADNI_Go2_P09_C03.mzXML,795,76,2588,54,542,57,0,42,236,720,85,0,516,41,1262
ADNI_Go2_P09_C04.mzXML,764,50,1956,40,372,41,0,0,189,575,71,0,358,0,845
ADNI_Go2_P09_C05.mzXML,589,48,2107,35,401,39,0,0,159,494,65,0,318,35,786
ADNI_Go2_P09_C06.mzXML,633,48,1972,43,414,37,0,32,197,609,79,0,409,38,823
ADNI_Go2_P09_C07.mzXML,628,43,1926,37,374,41,0,0,135,497,61,0,320,32,779
ADNI_Go2_P09_C08.mzXML,610,47,1859,37,395,32,0,25,166,548,70,0,355,32,768
ADNI_Go2_P09_C09.mzXML,788,47,1765,45,393,32,0,30,193,629,70,0,383,0,841
ADNI_Go2_P09_C10.mzXML,686,42,1691,34,334,36,0,0,151,526,73,0,318,33,712
ADNI_Go2_P09_C11.mzXML,804,60,2121,53,489,45,0,39,220,656,86,0,453,41,1033
ADNI_Go2_P09_C12.mzXML,707,59,2098,46,472,44,0,38,218,580,76,0,436,40,1019
ADNI_Go2_P09_D01.mzXML,566,33,1648,33,325,31,0,0,167,466,54,0,283,0,702
ADNI_Go2_P09_D02.mzXML,818,55,2055,43,409,46,0,36,176,618,74,0,380,35,895
ADNI_Go2_P09_D03.mzXML,503,34,1794,30,315,32,0,0,126,431,59,0,296,31,641
ADNI_Go2_P09_D04.mzXML,620,49,1878,40,402,33,0,29,197,552,69,0,371,33,815
ADNI_Go2_P09_D05.mzXML,748,48,2142,39,389,46,0,0,178,570,71,0,359,33,855
ADNI_Go2_P09_D06.mzXML,716,47,1804,35,331,35,0,29,152,532,67,0,338,31,754
ADNI_Go2_P09_D07.mzXML,683,47,1990,49,414,36,0,32,155,569,75,0,396,37,880
ADNI_Go2_P09_D08.mzXML,728,55,1976,45,421,37,0,32,177,548,66,0,379,33,921
ADNI_Go2_P09_D09.mzXML,555,55,2076,44,424,45,0,38,210,529,71,0,368,37,892
ADNI_Go2_P09_D10.mzXML,744,57,2051,47,435,38,0,34,205,568,71,0,397,33,950
ADNI_Go2_P09_D11.mzXML,662,56,2149,45,438,45,0,32,167,527,76,0,368,39,959
ADNI_Go2_P09_D12.mzXML,682,33,1607,35,302,30,0,0,136,481,56,0,313,0,672
ADNI_Go2_P09_E01.mzXML,470,37,1528,30,307,32,0,0,147,438,56,0,294,29,689
ADNI_Go2_P09_E02.mzXML,710,39,1719,41,355,32,0,0,165,586,69,0,347,30,721
ADNI_Go2_P09_E03.mzXML,573,37,1628,33,323,31,0,0,122,456,57,0,290,30,665
ADNI_Go2_P09_E04.mzXML,647,36,1651,36,330,30,0,27,141,532,67,0,318,32,614
ADNI_Go2_P09_E05.mzXML,703,46,2019,47,423,38,0,32,200,582,77,0,408,36,908
ADNI_Go2_P09_E06.mzXML,541,29,1701,36,327,28,0,0,130,442,55,0,292,0,637
ADNI_Go2_P09_E07.mzXML,842,55,2122,46,419,47,0,40,193,633,74,0,379,34,906
ADNI_Go2_P09_E08.mzXML,693,46,1989,48,428,39,0,0,181,624,71,0,415,38,916
ADNI_Go2_P09_E09.mzXML,751,61,2486,49,526,59,0,40,239,643,82,0,424,40,1121
ADNI_Go2_P09_E10.mzXML,642,50,2088,46,446,34,27,35,217,623,82,0,423,39,837
ADNI_Go2_P09_E11.mzXML,710,48,1780,42,365,35,0,0,151,560,70,0,366,32,774
ADNI_Go2_P09_E12.mzXML,773,55,1982,47,417,38,0,0,183,612,77,0,402,36,889
ADNI_Go2_P09_F01.mzXML,398,36,1558,0,307,31,0,0,137,445,53,0,295,30,615
ADNI_Go2_P09_F02.mzXML,507,39,1712,28,309,32,0,27,155,456,58,0,319,33,642
ADNI_Go2_P09_F03.mzXML,558,39,1788,31,328,35,0,0,148,503,64,0,290,33,701
ADNI_Go2_P09_F04.mzXML,674,51,2182,38,419,47,0,35,176,575,62,0,365,33,836
ADNI_Go2_P09_F05.mzXML,694,38,1678,37,332,32,0,0,133,588,68,0,316,32,665
ADNI_Go2_P09_F06.mzXML,662,39,1595,33,310,33,0,0,108,502,69,0,312,31,656
ADNI_Go2_P09_F07.mzXML,618,47,1868,39,407,31,0,29,192,570,72,0,372,32,773
ADNI_Go2_P09_F08.mzXML,648,49,1976,48,443,34,27,33,181,639,82,0,412,40,817
ADNI_Go2_P09_F09.mzXML,936,76,2834,63,587,59,32,42,230,761,95,0,520,42,1278
ADNI_Go2_P09_F10.mzXML,691,41,1763,38,383,34,0,29,180,591,68,0,368,34,687
ADNI_Go2_P09_F11.mzXML,655,40,1667,37,343,30,0,29,155,609,68,0,402,33,617
ADNI_Go2_P09_F12.mzXML,714,59,2076,43,411,41,0,0,186,546,68,0,372,34,956
ADNI_Go2_P09_G01.mzXML,706,37,1732,42,366,32,0,0,137,563,73,0,337,31,702
ADNI_Go2_P09_G02.mzXML,684,52,1961,46,430,37,0,0,215,575,72,0,392,33,920
ADNI_Go2_P09_G03.mzXML,629,39,1955,38,380,38,0,33,177,524,58,0,321,28,781
ADNI_Go2_P09_G04.mzXML,646,55,1853,45,414,41,0,37,192,584,72,0,412,37,981
ADNI_Go2_P09_G05.mzXML,695,41,1762,37,350,32,0,0,128,552,69,0,333,35,700
ADNI_Go2_P09_G06.mzXML,733,62,2235,43,447,46,0,35,192,627,71,0,390,35,968
ADNI_Go2_P09_G07.mzXML,658,50,2127,49,457,37,0,32,231,567,63,0,402,31,1034
ADNI_Go2_P09_G08.mzXML,749,50,1927,43,408,34,0,28,174,627,74,0,399,33,802
ADNI_Go2_P09_G09.mzXML,765,62,2142,53,464,40,0,38,214,639,77,0,439,35,1008
ADNI_Go2_P09_G10.mzXML,616,46,1848,38,363,31,0,0,183,483,62,0,329,0,846
ADNI_Go2_P09_G11.mzXML,752,40,1823,44,368,33,0,0,164,544,62,0,341,0,815
ADNI_Go2_P09_G12.mzXML,765,47,1842,37,347,40,0,0,119,537,70,0,322,32,770
ADNI_Go2_P09_H01.mzXML,621,35,1690,35,320,31,0,0,169,529,63,0,317,30,651
ADNI_Go2_P09_H02.mzXML,775,62,2281,57,490,43,0,34,219,656,88,0,481,40,1082
ADNI_Go2_P09_H03.mzXML,674,51,2119,52,421,37,0,29,221,611,68,0,409,33,865
ADNI_Go2_P09_H04.mzXML,266,36,1186,0,242,25,0,0,69,287,44,0,214,28,570
ADNI_Go2_P09_H05.mzXML,497,41,1677,31,318,31,0,27,135,473,62,0,323,34,644
ADNI_Go2_P09_H06.mzXML,687,46,2010,46,410,36,0,30,177,570,75,0,362,36,838
ADNI_Go2_P09_H07.mzXML,700,56,2246,54,516,40,0,35,252,621,79,0,455,38,1097
ADNI_Go2_P09_H08.mzXML,608,52,2043,46,470,35,25,37,220,621,82,0,436,39,849
ADNI_Go2_P09_H09.mzXML,775,60,2155,52,454,44,0,40,220,670,85,0,443,41,1014
ADNI_Go2_P09_H10.mzXML,588,30,1362,33,271,24,0,25,127,464,51,0,278,27,532
ADNI_Go2_P09_H11.mzXML,531,35,1570,29,283,30,0,0,133,410,53,0,265,0,657
ADNI_Go2_P09_H12.mzXML,613,50,2109,39,407,37,0,29,193,539,65,0,370,34,831
Blank_Inj_P09_01.mzXML,308,36,1285,0,270,29,0,0,80,304,47,0,242,28,636
Blank_Inj_P09_02.mzXML,301,34,1236,0,244,27,0,0,69,293,41,0,239,27,598
Blank_Inj_P09_03.mzXML,337,36,1398,0,270,0,0,0,84,305,43,0,250,0,694
Blank_Inj_P09_04.mzXML,290,34,1221,0,244,27,0,0,67,292,41,0,222,27,589
Blank_Inj_P09_05.mzXML,225,33,1202,0,227,24,0,0,63,289,43,0,212,28,496
Blank_Inj_P09_06.mzXML,296,32,1193,0,238,26,0,0,72,283,41,0,232,24,594
Blank_Inj_P09_07.mzXML,274,35,1170,0,241,26,0,0,67,292,44,0,231,27,575
Blank_Inj_P09_08.mzXML,287,32,1272,0,247,28,0,0,79,278,38,0,229,0,600
Blank_Inj_P09_09.mzXML,290,34,1263,0,243,27,0,0,67,290,41,0,220,28,588
Blank_Inj_P09_10.mzXML,195,32,1117,0,218,21,0,0,62,282,40,0,202,27,460
Blank_Inj_P09_11.mzXML,294,31,1209,0,239,25,0,0,67,276,38,0,226,25,579
Blank_Inj_P09_12.mzXML,291,34,1239,0,242,27,0,0,67,292,41,0,223,27,593
Blank_Inj_P09_13.mzXML,259,34,1113,0,227,24,0,0,66,275,40,0,209,26,559
Blank_Inj_P09_14.mzXML,447,34,1237,0,256,28,0,0,76,292,42,0,220,27,599
Blank_Inj_P09_15.mzXML,228,32,1161,0,230,22,0,0,62,284,43,0,209,27,485
Blank_Inj_P09_16.mzXML,289,34,1230,0,243,27,0,0,67,291,41,0,218,27,593
Blank_Inj_P09_17.mzXML,292,35,1235,0,256,28,0,0,76,299,43,0,228,28,614
Blank_Inj_P09_18.mzXML,288,34,1124,0,234,25,0,0,64,277,40,0,213,26,580
Blank_Inj_P09_19.mzXML,226,34,1154,0,232,24,0,0,62,294,43,0,229,30,494
QC_Mix_P09_01_Start.mzXML,404,47,1766,38,405,37,0,0,161,394,59,0,326,38,845
QC_Mix_P09_02_Middle.mzXML,519,52,2120,44,463,41,0,0,183,427,68,0,363,46,955
QC_Mix_P09_03_End.mzXML,478,49,1944,44,450,40,0,0,170,396,69,0,348,43,984
ADNI_Go2_P10_A01.mzXML,383,48,1944,36,388,36,0,26,144,438,65,0,349,39,799
ADNI_Go2_P10_A02.mzXML,773,62,2224,55,479,41,0,35,204,659,86,0,486,39,1072
ADNI_Go2_P10_A03.mzXML,816,52,1905,47,416,36,0,0,199,625,76,0,405,32,904
ADNI_Go2_P10_A04.mzXML,509,48,1952,37,416,37,0,31,205,543,80,0,364,38,816
ADNI_Go2_P10_A05.mzXML,760,56,2107,54,471,39,0,35,235,638,76,0,468,37,1033
ADNI_Go2_P10_A06.mzXML,773,50,1916,46,388,35,0,0,192,588,73,0,389,30,867
ADNI_Go2_P10_A07.mzXML,596,49,1739,35,374,33,0,28,184,550,65,0,359,32,797
ADNI_Go2_P10_A08.mzXML,821,55,1956,50,412,38,0,38,200,637,68,0,398,31,932
ADNI_Go2_P10_A09.mzXML,730,51,1865,44,367,33,0,0,167,577,70,0,379,33,838
ADNI_Go2_P10_A10.mzXML,522,50,2080,40,404,39,0,0,212,492,66,0,372,33,924
ADNI_Go2_P10_A11.mzXML,781,51,1921,48,415,36,0,30,192,617,74,0,402,33,872
ADNI_Go2_P10_A12.mzXML,558,37,1740,0,316,35,0,0,156,441,59,0,314,0,643
ADNI_Go2_P10_B01.mzXML,435,47,1944,37,393,37,0,0,147,427,67,0,334,37,814
ADNI_Go2_P10_B02.mzXML,732,62,2443,58,541,46,0,0,244,618,79,0,451,0,1189
ADNI_Go2_P10_B03.mzXML,941,64,2259,49,462,51,0,35,202,686,80,0,416,34,1036
ADNI_Go2_P10_B04.mzXML,637,54,1946,42,428,33,0,33,217,530,63,0,376,31,900
ADNI_Go2_P10_B05.mzXML,684,57,1905,39,353,33,0,37,172,629,71,0,450,33,706
ADNI_Go2_P10_B06.mzXML,612,59,2263,51,486,37,0,37,202,605,85,0,433,38,987
ADNI_Go2_P10_B07.mzXML,759,42,1768,0,314,39,0,0,126,503,69,0,323,0,747
ADNI_Go2_P10_B08.mzXML,551,61,2332,49,542,44,0,36,252,626,79,0,454,40,1084
ADNI_Go2_P10_B09.mzXML,556,49,1920,34,383,32,0,24,164,502,72,0,340,34,734
ADNI_Go2_P10_B10.mzXML,615,51,2025,46,454,41,0,34,213,604,75,0,419,37,939
ADNI_Go2_P10_B11.mzXML,676,49,2050,42,415,37,0,0,159,537,74,0,352,33,897
ADNI_Go2_P10_B12.mzXML,665,42,1694,36,318,34,0,0,137,511,68,0,318,33,696
ADNI_Go2_P10_C01.mzXML,687,50,2006,44,418,37,0,0,188,551,72,0,384,33,915
ADNI_Go2_P10_C02.mzXML,932,65,2311,50,471,51,0,35,196,715,79,0,444,34,1053
ADNI_Go2_P10_C03.mzXML,580,45,1877,35,375,32,0,26,190,507,66,0,356,31,780
ADNI_Go2_P10_C04.mzXML,729,48,1949,42,399,34,0,0,163,599,71,0,388,31,797
ADNI_Go2_P10_C05.mzXML,782,55,2041,44,431,40,0,0,193,627,81,0,463,0,911
ADNI_Go2_P10_C06.mzXML,722,52,1883,42,397,38,0,30,169,532,60,0,356,0,919
ADNI_Go2_P10_C07.mzXML,709,56,2217,55,529,40,0,33,221,606,85,0,437,37,1089
ADNI_Go2_P10_C08.mzXML,779,51,1967,47,407,37,0,0,156,605,76,0,386,34,854
ADNI_Go2_P10_C09.mzXML,689,54,2022,48,438,40,0,35,214,615,86,0,416,42,919
ADNI_Go2_P10_C10.mzXML,638,37,1613,32,300,31,0,0,118,496,68,0,292,31,573
ADNI_Go2_P10_C11.mzXML,583,59,2095,49,472,36,0,35,211,595,78,0,428,39,962
ADNI_Go2_P10_C12.mzXML,717,41,1722,39,354,35,0,0,172,547,68,0,342,32,757
ADNI_Go2_P10_D01.mzXML,671,43,2003,36,405,35,0,0,195,593,72,0,379,34,720
ADNI_Go2_P10_D02.mzXML,722,37,1807,35,324,36,0,26,141,563,61,0,319,27,719
ADNI_Go2_P10_D03.mzXML,504,34,1376,31,269,23,0,26,140,526,53,0,296,28,540
ADNI_Go2_P10_D04.mzXML,681,39,1603,34,327,34,0,0,149,517,67,0,315,0,712
ADNI_Go2_P10_D05.mzXML,527,49,2065,42,417,37,0,34,214,581,71,0,445,38,851
ADNI_Go2_P10_D06.mzXML,704,46,1789,40,363,31,0,28,193,574,67,0,385,30,755
ADNI_Go2_P10_D07.mzXML,659,35,1622,34,313,30,0,28,192,547,61,0,338,29,624
ADNI_Go2_P10_D08.mzXML,689,40,1712,34,322,34,0,0,130,520,70,0,321,31,707
ADNI_Go2_P10_D09.mzXML,637,49,2068,46,444,40,0,0,223,540,73,0,409,39,960
ADNI_Go2_P10_D10.mzXML,496,33,1394,28,274,23,0,26,130,533,60,0,298,28,531
ADNI_Go2_P10_D11.mzXML,624,47,2158,48,465,39,0,38,209,613,75,0,390,38,930
ADNI_Go2_P10_D12.mzXML,692,66,2362,55,562,44,0,42,270,665,85,0,473,41,1092
ADNI_Go2_P10_E01.mzXML,639,50,2051,46,461,39,0,0,207,602,84,0,431,40,850
ADNI_Go2_P10_E02.mzXML,641,40,1749,34,338,34,0,0,137,524,65,0,322,33,645
ADNI_Go2_P10_E03.mzXML,874,57,2026,48,439,40,0,34,193,662,77,0,421,33,962
ADNI_Go2_P10_E04.mzXML,524,39,1671,29,332,29,0,27,143,474,61,0,299,33,636
ADNI_Go2_P10_E05.mzXML,683,36,1885,36,333,34,0,0,160,503,65,0,320,0,740
ADNI_Go2_P10_E06.mzXML,847,56,2289,61,518,41,0,0,239,682,81,0,456,0,1138
ADNI_Go2_P10_E07.mzXML,732,36,1767,41,344,33,0,0,150,526,65,0,323,0,713
ADNI_Go2_P10_E08.mzXML,586,49,1971,36,375,32,0,26,133,518,66,0,343,32,787
ADNI_Go2_P10_E09.mzXML,516,47,1885,32,383,33,0,31,196,504,65,0,328,35,721
ADNI_Go2_P10_E10.mzXML,599,47,1911,38,364,31,0,26,164,498,65,0,337,30,779
ADNI_Go2_P10_E11.mzXML,540,47,1935,40,405,38,0,28,178,493,74,0,352,35,851
ADNI_Go2_P10_E12.mzXML,657,40,1674,39,342,26,0,26,171,538,64,0,326,26,686
ADNI_Go2_P10_F01.mzXML,569,41,1745,0,330,36,0,0,167,461,62,0,308,32,739
ADNI_Go2_P10_F02.mzXML,800,42,1716,43,393,30,24,24,189,610,69,0,376,26,794
ADNI_Go2_P10_F03.mzXML,601,42,1834,45,381,31,0,32,178,579,67,0,372,37,739
ADNI_Go2_P10_F04.mzXML,700,46,1868,44,387,31,0,26,146,586,73,0,367,33,749
ADNI_Go2_P10_F05.mzXML,773,50,1907,45,417,33,0,28,168,615,79,0,393,32,861
ADNI_Go2_P10_F06.mzXML,723,52,2286,52,515,44,0,36,236,665,88,0,442,41,982
ADNI_Go2_P10_F07.mzXML,837,51,2091,41,388,46,0,31,144,581,63,0,346,32,845
ADNI_Go2_P10_F08.mzXML,764,55,2303,51,456,49,0,36,201,627,80,0,425,40,1016
ADNI_Go2_P10_F09.mzXML,717,39,1754,39,331,0,0,0,142,506,64,0,315,0,783
ADNI_Go2_P10_F10.mzXML,676,51,2039,36,381,44,0,30,152,527,70,0,319,32,828
ADNI_Go2_P10_F11.mzXML,786,58,2232,57,510,41,28,34,201,686,88,0,462,39,1043
ADNI_Go2_P10_F12.mzXML,559,42,1667,34,344,30,0,0,158,457,62,0,320,28,739
ADNI_Go2_P10_G01.mzXML,750,52,2199,56,457,36,0,34,214,619,72,0,446,33,1027
ADNI_Go2_P10_G02.mzXML,701,48,2014,50,417,38,0,0,152,569,78,0,407,37,897
ADNI_Go2_P10_G03.mzXML,617,50,1977,0,390,42,0,0,182,502,66,0,328,34,816
ADNI_Go2_P10_G04.mzXML,694,57,1992,38,394,39,0,30,181,581,69,0,357,33,909
ADNI_Go2_P10_G05.mzXML,729,49,2053,51,450,39,0,33,187,641,84,0,412,37,928
ADNI_Go2_P10_G06.mzXML,647,61,2292,51,488,43,0,0,214,602,80,0,434,40,1069
ADNI_Go2_P10_G07.mzXML,789,50,1991,47,407,35,0,30,178,619,75,0,410,34,877
ADNI_Go2_P10_G08.mzXML,595,44,1673,34,322,34,0,29,144,451,55,0,282,29,749
ADNI_Go2_P10_G09.mzXML,744,45,1973,40,384,44,0,0,186,631,71,0,366,33,827
ADNI_Go2_P10_G10.mzXML,734,62,2183,41,412,48,0,33,181,559,67,0,374,31,997
ADNI_Go2_P10_G11.mzXML,615,47,1802,40,425,38,0,0,163,521,68,0,332,35,806
ADNI_Go2_P10_G12.mzXML,622,45,1944,40,393,31,0,28,181,529,63,0,371,34,799
ADNI_Go2_P10_H01.mzXML,706,43,1891,40,381,34,0,0,132,545,63,0,355,33,766
ADNI_Go2_P10_H02.mzXML,836,71,2405,44,488,48,0,41,219,673,79,24,441,34,1014
ADNI_Go2_P10_H03.mzXML,816,53,2009,47,422,38,0,33,199,666,73,0,398,32,874
ADNI_Go2_P10_H04.mzXML,741,61,2192,43,427,47,0,34,192,557,67,0,383,32,992
ADNI_Go2_P10_H05.mzXML,708,39,1742,39,351,35,0,0,135,536,74,0,338,31,710
ADNI_Go2_P10_H06.mzXML,831,59,2084,46,443,42,0,32,187,621,75,0,415,31,982
ADNI_Go2_P10_H07.mzXML,906,62,2156,48,439,49,0,36,200,626,71,0,427,0,1044
ADNI_Go2_P10_H08.mzXML,811,61,2146,43,401,45,0,34,178,623,74,0,399,31,926
ADNI_Go2_P10_H09.mzXML,710,40,1697,39,345,34,0,0,127,566,67,0,345,33,705
ADNI_Go2_P10_H10.mzXML,475,38,1601,27,286,30,0,25,133,436,57,0,286,32,579
ADNI_Go2_P10_H11.mzXML,759,57,2081,50,460,42,0,36,189,639,85,0,408,40,951
ADNI_Go2_P10_H12.mzXML,588,54,2267,50,508,49,0,0,182,519,73,0,388,0,1107
Blank_Inj_P10_01.mzXML,691,0,1677,0,443,0,0,0,147,378,63,0,298,0,1015
Blank_Inj_P10_02.mzXML,388,33,1185,19,241,24,0,0,73,292,44,0,227,28,505
Blank_Inj_P10_03.mzXML,303,34,1279,0,251,28,0,0,72,297,42,0,242,28,612
Blank_Inj_P10_04.mzXML,264,34,1134,0,237,24,0,0,63,289,41,0,222,28,552
Blank_Inj_P10_05.mzXML,228,32,1160,0,225,23,0,0,64,287,40,0,221,27,496
Blank_Inj_P10_06.mzXML,350,34,1230,0,258,0,0,0,71,304,41,0,242,0,658
Blank_Inj_P10_07.mzXML,263,34,1169,0,236,25,0,0,66,289,41,0,211,27,557
Blank_Inj_P10_08.mzXML,217,29,1045,0,220,21,0,0,59,269,37,0,201,25,464
Blank_Inj_P10_09.mzXML,341,35,1135,0,245,29,0,0,66,288,42,0,224,0,599
Blank_Inj_P10_10.mzXML,207,24,1032,17,208,18,0,0,56,247,30,0,177,21,436
Blank_Inj_P10_11.mzXML,232,33,1260,0,246,25,0,0,78,296,43,0,223,29,527
Blank_Inj_P10_12.mzXML,418,31,1201,0,245,24,0,0,74,275,39,0,212,26,553
Blank_Inj_P10_13.mzXML,314,35,1192,0,240,29,0,0,68,288,42,0,215,27,584
Blank_Inj_P10_14.mzXML,286,34,1220,0,242,27,0,0,67,289,41,0,218,27,589
Blank_Inj_P10_15.mzXML,265,32,1192,0,234,23,0,0,62,277,41,0,225,25,552
Blank_Inj_P10_16.mzXML,216,25,1064,17,214,19,0,0,62,252,33,0,179,22,452
Blank_Inj_P10_17.mzXML,296,35,1329,0,250,28,0,0,80,290,42,0,244,28,624
Blank_Inj_P10_18.mzXML,274,24,1118,0,212,21,0,0,63,243,29,0,183,0,525
Blank_Inj_P10_19.mzXML,216,31,1060,17,215,21,0,0,60,276,42,0,199,24,477
QC_Mix_P10_01_Start.mzXML,633,48,2167,50,493,47,0,0,188,440,68,0,349,44,1033
QC_Mix_P10_02_Middle.mzXML,384,40,1758,40,406,32,0,0,163,351,48,0,315,38,859
QC_Mix_P10_03_End.mzXML,488,0,1585,0,347,0,0,0,122,311,47,0,248,0,782
