from,to,weight,pval,padj,direction,padj_sig,Group,Cohort
almond,overall_endsocopic_disease_activity_score,0.0450853050628688,0.3836163836163836,0.4727812727812728,pos,NS,UC,IBD_biopsy
apple,overall_endsocopic_disease_activity_score,-0.08547087998689712,0.20279720279720279,0.43212861904450683,neg,NS,UC,IBD_biopsy
apple_cider,overall_endsocopic_disease_activity_score,-0.16152781272046102,0.06493506493506493,0.25764399534891336,neg,NS,UC,IBD_biopsy
avocado,overall_endsocopic_disease_activity_score,0.15332555036452936,0.12087912087912088,0.32424046541693596,pos,NS,UC,IBD_biopsy
banana,overall_endsocopic_disease_activity_score,0.15332555036452936,0.12087912087912088,0.32424046541693596,pos,NS,UC,IBD_biopsy
bean,overall_endsocopic_disease_activity_score,-0.32762925247519153,0.017982017982017984,0.22777222777222778,neg,NS,UC,IBD_biopsy
beef,overall_endsocopic_disease_activity_score,-0.2877141548438209,0.029970029970029972,0.22777222777222778,neg,NS,UC,IBD_biopsy
blueberry,overall_endsocopic_disease_activity_score,0.001108162321466391,0.4905094905094905,0.514026514026514,pos,NS,UC,IBD_biopsy
butterfish,overall_endsocopic_disease_activity_score,-0.1978405784061786,0.04995004995004995,0.25764399534891336,neg,NS,UC,IBD_biopsy
carrot,overall_endsocopic_disease_activity_score,-0.28560224661963474,0.022977022977022976,0.22777222777222778,neg,NS,UC,IBD_biopsy
cashew,overall_endsocopic_disease_activity_score,0.009933182971552448,0.46553446553446554,0.5054374197231339,pos,NS,UC,IBD_biopsy
chia,overall_endsocopic_disease_activity_score,0.07113435910632822,0.32667332667332666,0.4727812727812728,pos,NS,UC,IBD_biopsy
chicken,overall_endsocopic_disease_activity_score,-0.2002407197627467,0.07692307692307693,0.25985282323310493,neg,NS,UC,IBD_biopsy
coffee,overall_endsocopic_disease_activity_score,-0.18909048661414443,0.07492507492507493,0.25985282323310493,neg,NS,UC,IBD_biopsy
corn,overall_endsocopic_disease_activity_score,-0.36987711718346206,0.00999000999000999,0.22777222777222778,neg,NS,UC,IBD_biopsy
cream,overall_endsocopic_disease_activity_score,0.0777693578669977,0.3116883116883117,0.4727812727812728,pos,NS,UC,IBD_biopsy
cucumber,overall_endsocopic_disease_activity_score,0.09926694201696698,0.2627372627372627,0.47061761767644117,pos,NS,UC,IBD_biopsy
duck,overall_endsocopic_disease_activity_score,0.010461024015888984,0.4645354645354645,0.5054374197231339,pos,NS,UC,IBD_biopsy
egg_chicken,overall_endsocopic_disease_activity_score,-0.2864224967876045,0.028971028971028972,0.22777222777222778,neg,NS,UC,IBD_biopsy
fish_undetermined,overall_endsocopic_disease_activity_score,0.09430882714769152,0.3026973026973027,0.4727812727812728,pos,NS,UC,IBD_biopsy
grain_fermented,overall_endsocopic_disease_activity_score,0.05284588974956572,0.3706293706293706,0.4727812727812728,pos,NS,UC,IBD_biopsy
grape,overall_endsocopic_disease_activity_score,0.06416847633459818,0.2967032967032967,0.4727812727812728,pos,NS,UC,IBD_biopsy
grape_fermented,overall_endsocopic_disease_activity_score,0.022560741155988447,0.35664335664335667,0.4727812727812728,pos,NS,UC,IBD_biopsy
herring,overall_endsocopic_disease_activity_score,-0.31354731840806077,0.016983016983016984,0.22777222777222778,neg,NS,UC,IBD_biopsy
lamb,overall_endsocopic_disease_activity_score,0.07222973871879698,0.33766233766233766,0.4727812727812728,pos,NS,UC,IBD_biopsy
lemon,overall_endsocopic_disease_activity_score,0.05557293793342019,0.37362637362637363,0.4727812727812728,pos,NS,UC,IBD_biopsy
lentil,overall_endsocopic_disease_activity_score,-0.17491307145665094,0.060939060939060936,0.25764399534891336,neg,NS,UC,IBD_biopsy
lettuce,overall_endsocopic_disease_activity_score,0.00838999500417957,0.48451548451548454,0.514026514026514,pos,NS,UC,IBD_biopsy
lizard,overall_endsocopic_disease_activity_score,0.06345697358773329,0.36163836163836166,0.4727812727812728,pos,NS,UC,IBD_biopsy
mackerel,overall_endsocopic_disease_activity_score,-0.28841398743666785,0.030969030969030968,0.22777222777222778,neg,NS,UC,IBD_biopsy
mandarin,overall_endsocopic_disease_activity_score,0.14472621675227648,0.17382617382617382,0.39860139860139854,pos,NS,UC,IBD_biopsy
meat_undetermined,overall_endsocopic_disease_activity_score,0.06416847633459818,0.2967032967032967,0.4727812727812728,pos,NS,UC,IBD_biopsy
milk,overall_endsocopic_disease_activity_score,-0.2702720727304809,0.028971028971028972,0.22777222777222778,neg,NS,UC,IBD_biopsy
milk_cow,overall_endsocopic_disease_activity_score,-0.3311209233152429,0.013986013986013986,0.22777222777222778,neg,NS,UC,IBD_biopsy
mouse,overall_endsocopic_disease_activity_score,-0.22834448626268128,0.054945054945054944,0.25764399534891336,neg,NS,UC,IBD_biopsy
mushroom,overall_endsocopic_disease_activity_score,0.12088182281177844,0.23276723276723277,0.469654239565744,pos,NS,UC,IBD_biopsy
oat,overall_endsocopic_disease_activity_score,-0.3573167990433208,0.00999000999000999,0.22777222777222778,neg,NS,UC,IBD_biopsy
onion,overall_endsocopic_disease_activity_score,0.0046327799564588185,0.4955044955044955,0.514026514026514,pos,NS,UC,IBD_biopsy
orange,overall_endsocopic_disease_activity_score,-0.17178167409782713,0.03996003996003996,0.25764399534891336,neg,NS,UC,IBD_biopsy
peanut,overall_endsocopic_disease_activity_score,0.06763434459340044,0.35864135864135865,0.4727812727812728,pos,NS,UC,IBD_biopsy
pear,overall_endsocopic_disease_activity_score,0.15332555036452936,0.12087912087912088,0.32424046541693596,pos,NS,UC,IBD_biopsy
pepper,overall_endsocopic_disease_activity_score,-0.2754480967287074,0.025974025974025976,0.22777222777222778,neg,NS,UC,IBD_biopsy
pig,overall_endsocopic_disease_activity_score,-0.1991113801120551,0.07592407592407592,0.25985282323310493,neg,NS,UC,IBD_biopsy
quinoa,overall_endsocopic_disease_activity_score,-0.07458611698829544,0.27472527472527475,0.47061761767644117,neg,NS,UC,IBD_biopsy
rice,overall_endsocopic_disease_activity_score,-0.3610000137130102,0.00999000999000999,0.22777222777222778,neg,NS,UC,IBD_biopsy
shrimp,overall_endsocopic_disease_activity_score,0.08547056947906476,0.32167832167832167,0.4727812727812728,pos,NS,UC,IBD_biopsy
smelt,overall_endsocopic_disease_activity_score,-0.30743099796331574,0.00999000999000999,0.22777222777222778,neg,NS,UC,IBD_biopsy
soda,overall_endsocopic_disease_activity_score,0.0778833067550923,0.2547452547452547,0.47061761767644117,pos,NS,UC,IBD_biopsy
squid,overall_endsocopic_disease_activity_score,-0.12549030007143713,0.15484515484515485,0.371010432866103,neg,NS,UC,IBD_biopsy
strawberry,overall_endsocopic_disease_activity_score,0.06635350446763554,0.35064935064935066,0.4727812727812728,pos,NS,UC,IBD_biopsy
tea,overall_endsocopic_disease_activity_score,-0.1753884839965134,0.14085914085914086,0.352921803471254,neg,NS,UC,IBD_biopsy
tomato,overall_endsocopic_disease_activity_score,-0.3464010813690526,0.014985014985014986,0.22777222777222778,neg,NS,UC,IBD_biopsy
trout,overall_endsocopic_disease_activity_score,-0.2647336421702085,0.030969030969030968,0.22777222777222778,neg,NS,UC,IBD_biopsy
veal,overall_endsocopic_disease_activity_score,0.015397939599623364,0.46153846153846156,0.5054374197231339,pos,NS,UC,IBD_biopsy
wheat,overall_endsocopic_disease_activity_score,-0.32913096087236665,0.016983016983016984,0.22777222777222778,neg,NS,UC,IBD_biopsy
worm,overall_endsocopic_disease_activity_score,-0.10188083390316995,0.20279720279720279,0.43212861904450683,neg,NS,UC,IBD_biopsy
yogurt_cow,overall_endsocopic_disease_activity_score,-0.23745794288862,0.060939060939060936,0.25764399534891336,neg,NS,UC,IBD_biopsy
almond,segmental_mayo_score,0.19393669910202949,0.0979020979020979,0.28989192625556265,pos,NS,UC,IBD_biopsy
apple,segmental_mayo_score,0.011899122689791708,0.43756243756243757,0.49882117882117877,pos,NS,UC,IBD_biopsy
apple_cider,segmental_mayo_score,-0.1895581224613505,0.025974025974025976,0.22777222777222778,neg,NS,UC,IBD_biopsy
avocado,segmental_mayo_score,0.19368359531346876,0.055944055944055944,0.25764399534891336,pos,NS,UC,IBD_biopsy
banana,segmental_mayo_score,0.19368359531346876,0.055944055944055944,0.25764399534891336,pos,NS,UC,IBD_biopsy
bean,segmental_mayo_score,-0.15926908433492548,0.15784215784215785,0.371010432866103,neg,NS,UC,IBD_biopsy
beef,segmental_mayo_score,-0.10713922193382473,0.22977022977022976,0.46774653917511055,neg,NS,UC,IBD_biopsy
blueberry,segmental_mayo_score,0.12486788910834955,0.15784215784215785,0.371010432866103,pos,NS,UC,IBD_biopsy
butterfish,segmental_mayo_score,-0.060496609544181,0.3246753246753247,0.4727812727812728,neg,NS,UC,IBD_biopsy
carrot,segmental_mayo_score,-0.12097477060405296,0.1998001998001998,0.43212861904450683,neg,NS,UC,IBD_biopsy
cashew,segmental_mayo_score,0.1672356181158326,0.11888111888111888,0.32424046541693596,pos,NS,UC,IBD_biopsy
chia,segmental_mayo_score,0.233532427846378,0.07792207792207792,0.25985282323310493,pos,NS,UC,IBD_biopsy
chicken,segmental_mayo_score,-0.0030005752359263116,0.5004995004995005,0.514026514026514,neg,NS,UC,IBD_biopsy
coffee,segmental_mayo_score,-0.17258316146360567,0.06893106893106893,0.25764399534891336,neg,NS,UC,IBD_biopsy
corn,segmental_mayo_score,-0.2375932969161794,0.08091908091908091,0.25985282323310493,neg,NS,UC,IBD_biopsy
cream,segmental_mayo_score,0.23097079758838698,0.06493506493506493,0.25764399534891336,pos,NS,UC,IBD_biopsy
cucumber,segmental_mayo_score,0.2280956215913265,0.057942057942057944,0.25764399534891336,pos,NS,UC,IBD_biopsy
duck,segmental_mayo_score,0.1679625887003379,0.11788211788211789,0.32424046541693596,pos,NS,UC,IBD_biopsy
egg_chicken,segmental_mayo_score,-0.10071295576380994,0.24975024975024976,0.47061761767644117,neg,NS,UC,IBD_biopsy
fish_undetermined,segmental_mayo_score,0.26580823758861133,0.055944055944055944,0.25764399534891336,pos,NS,UC,IBD_biopsy
grain_fermented,segmental_mayo_score,0.14459782322289116,0.12887112887112886,0.33014176834401554,pos,NS,UC,IBD_biopsy
grape,segmental_mayo_score,0.1906154678673727,0.06793206793206794,0.25764399534891336,pos,NS,UC,IBD_biopsy
grape_fermented,segmental_mayo_score,0.04626107366278921,0.21978021978021978,0.459723762476056,pos,NS,UC,IBD_biopsy
herring,segmental_mayo_score,-0.14072481718247265,0.1938061938061938,0.42707292707292716,neg,NS,UC,IBD_biopsy
lamb,segmental_mayo_score,0.24664172822749775,0.06393606393606394,0.25764399534891336,pos,NS,UC,IBD_biopsy
lemon,segmental_mayo_score,0.20250996158419354,0.09490509490509491,0.28771228771228774,pos,NS,UC,IBD_biopsy
lentil,segmental_mayo_score,-0.03407876387968338,0.3956043956043956,0.47977554360533087,neg,NS,UC,IBD_biopsy
lettuce,segmental_mayo_score,0.13035691544806616,0.15584415584415584,0.371010432866103,pos,NS,UC,IBD_biopsy
lizard,segmental_mayo_score,0.23240649100014435,0.07292707292707293,0.25985282323310493,pos,NS,UC,IBD_biopsy
mackerel,segmental_mayo_score,-0.10245464757449807,0.24275724275724275,0.47061761767644117,neg,NS,UC,IBD_biopsy
mandarin,segmental_mayo_score,0.2713198257094867,0.04695304695304695,0.25764399534891336,pos,NS,UC,IBD_biopsy
meat_undetermined,segmental_mayo_score,0.1906154678673727,0.06793206793206794,0.25764399534891336,pos,NS,UC,IBD_biopsy
milk,segmental_mayo_score,-0.13727703308026717,0.16583416583416583,0.38581826336928376,neg,NS,UC,IBD_biopsy
milk_cow,segmental_mayo_score,-0.21398285257201216,0.0939060939060939,0.28771228771228774,neg,NS,UC,IBD_biopsy
mouse,segmental_mayo_score,-0.029503705534948688,0.4145854145854146,0.4872447140488378,neg,NS,UC,IBD_biopsy
mushroom,segmental_mayo_score,0.24895807501831496,0.04795204795204795,0.25764399534891336,pos,NS,UC,IBD_biopsy
oat,segmental_mayo_score,-0.20579241756349004,0.1108891108891109,0.31603396603396605,neg,NS,UC,IBD_biopsy
onion,segmental_mayo_score,0.10354089271453124,0.19080919080919082,0.4265146618087795,pos,NS,UC,IBD_biopsy
orange,segmental_mayo_score,-0.05089383564745821,0.2917082917082917,0.4727812727812728,neg,NS,UC,IBD_biopsy
peanut,segmental_mayo_score,0.24386780678817022,0.07892107892107893,0.25985282323310493,pos,NS,UC,IBD_biopsy
pear,segmental_mayo_score,0.19368359531346876,0.055944055944055944,0.25764399534891336,pos,NS,UC,IBD_biopsy
pepper,segmental_mayo_score,-0.10062572836525835,0.24375624375624375,0.47061761767644117,neg,NS,UC,IBD_biopsy
pig,segmental_mayo_score,-9.804190950684355e-4,0.5084915084915085,0.5152713952713953,neg,NS,UC,IBD_biopsy
quinoa,segmental_mayo_score,0.06610519236865185,0.2757242757242757,0.47061761767644117,pos,NS,UC,IBD_biopsy
rice,segmental_mayo_score,-0.21786668199985806,0.0919080919080919,0.2870554103430816,neg,NS,UC,IBD_biopsy
shrimp,segmental_mayo_score,0.2626080313824163,0.06893106893106893,0.25764399534891336,pos,NS,UC,IBD_biopsy
smelt,segmental_mayo_score,-0.1595594474105958,0.14085914085914086,0.352921803471254,neg,NS,UC,IBD_biopsy
soda,segmental_mayo_score,0.15023766133357494,0.06693306693306693,0.25764399534891336,pos,NS,UC,IBD_biopsy
squid,segmental_mayo_score,0.030162749230597558,0.3786213786213786,0.4727812727812728,pos,NS,UC,IBD_biopsy
strawberry,segmental_mayo_score,0.23252188656697953,0.08391608391608392,0.26573426573426573,pos,NS,UC,IBD_biopsy
tea,segmental_mayo_score,-0.1742203623088899,0.0959040959040959,0.28771228771228774,neg,NS,UC,IBD_biopsy
tomato,segmental_mayo_score,-0.24598324957635842,0.06793206793206794,0.25764399534891336,neg,NS,UC,IBD_biopsy
trout,segmental_mayo_score,-0.07181764386349715,0.30569430569430567,0.4727812727812728,neg,NS,UC,IBD_biopsy
veal,segmental_mayo_score,0.17656504516799773,0.1068931068931069,0.30850162495732114,pos,NS,UC,IBD_biopsy
wheat,segmental_mayo_score,-0.1672955167512497,0.14885114885114886,0.36492539718346173,neg,NS,UC,IBD_biopsy
worm,segmental_mayo_score,0.042594597477984275,0.34565434565434566,0.4727812727812728,pos,NS,UC,IBD_biopsy
yogurt_cow,segmental_mayo_score,-0.19738470493641636,0.08091908091908091,0.25985282323310493,neg,NS,UC,IBD_biopsy
almond,mayo_uc_score,0.028037134653785947,0.4015984015984016,0.4816433566433566,pos,NS,UC,IBD_biopsy
apple,mayo_uc_score,-0.09416066718280844,0.19080919080919082,0.4265146618087795,neg,NS,UC,IBD_biopsy
apple_cider,mayo_uc_score,-0.15503987818526144,0.06393606393606394,0.25764399534891336,neg,NS,UC,IBD_biopsy
avocado,mayo_uc_score,0.1456813371672815,0.1258741258741259,0.32612841703750794,pos,NS,UC,IBD_biopsy
banana,mayo_uc_score,0.1456813371672815,0.1258741258741259,0.32612841703750794,pos,NS,UC,IBD_biopsy
bean,mayo_uc_score,-0.3388028811939102,0.01898101898101898,0.22777222777222778,neg,NS,UC,IBD_biopsy
beef,mayo_uc_score,-0.3010623770189065,0.030969030969030968,0.22777222777222778,neg,NS,UC,IBD_biopsy
blueberry,mayo_uc_score,-0.01228713900571067,0.48151848151848153,0.514026514026514,neg,NS,UC,IBD_biopsy
butterfish,mayo_uc_score,-0.2084427349534946,0.061938061938061936,0.25764399534891336,neg,NS,UC,IBD_biopsy
carrot,mayo_uc_score,-0.29727266282115683,0.01998001998001998,0.22777222777222778,neg,NS,UC,IBD_biopsy
cashew,mayo_uc_score,-0.007275230120292658,0.4875124875124875,0.514026514026514,neg,NS,UC,IBD_biopsy
chia,mayo_uc_score,0.052064656090483385,0.35064935064935066,0.4727812727812728,pos,NS,UC,IBD_biopsy
chicken,mayo_uc_score,-0.2172629302214361,0.07692307692307693,0.25985282323310493,neg,NS,UC,IBD_biopsy
coffee,mayo_uc_score,-0.18682429753794316,0.04895104895104895,0.25764399534891336,neg,NS,UC,IBD_biopsy
corn,mayo_uc_score,-0.37624807721721637,0.011988011988011988,0.22777222777222778,neg,NS,UC,IBD_biopsy
cream,mayo_uc_score,0.05955120024782054,0.34265734265734266,0.4727812727812728,pos,NS,UC,IBD_biopsy
cucumber,mayo_uc_score,0.08322171929276544,0.25374625374625376,0.47061761767644117,pos,NS,UC,IBD_biopsy
duck,mayo_uc_score,-0.006780208618445693,0.4925074925074925,0.514026514026514,neg,NS,UC,IBD_biopsy
egg_chicken,mayo_uc_score,-0.3003531487557049,0.03196803196803197,0.22777222777222778,neg,NS,UC,IBD_biopsy
fish_undetermined,mayo_uc_score,0.0737594501524852,0.3256743256743257,0.4727812727812728,pos,NS,UC,IBD_biopsy
grain_fermented,mayo_uc_score,0.041800799708747935,0.3626373626373626,0.4727812727812728,pos,NS,UC,IBD_biopsy
grape,mayo_uc_score,0.049132279476878656,0.33266733266733267,0.4727812727812728,pos,NS,UC,IBD_biopsy
grape_fermented,mayo_uc_score,0.019516869384846657,0.35564435564435565,0.4727812727812728,pos,NS,UC,IBD_biopsy
herring,mayo_uc_score,-0.32550466823100666,0.02097902097902098,0.22777222777222778,neg,NS,UC,IBD_biopsy
lamb,mayo_uc_score,0.051838537105108815,0.36363636363636365,0.4727812727812728,pos,NS,UC,IBD_biopsy
lemon,mayo_uc_score,0.038506993171901774,0.38161838161838163,0.4727812727812728,pos,NS,UC,IBD_biopsy
lentil,mayo_uc_score,-0.1863833743877303,0.06693306693306693,0.25764399534891336,neg,NS,UC,IBD_biopsy
lettuce,mayo_uc_score,-0.004967556979688342,0.5034965034965035,0.5147856627677256,neg,NS,UC,IBD_biopsy
lizard,mayo_uc_score,0.04384384718678244,0.38161838161838163,0.4727812727812728,pos,NS,UC,IBD_biopsy
mackerel,mayo_uc_score,-0.30232897742748177,0.03196803196803197,0.22777222777222778,neg,NS,UC,IBD_biopsy
mandarin,mayo_uc_score,0.12794888838409765,0.17482517482517482,0.39860139860139854,pos,NS,UC,IBD_biopsy
meat_undetermined,mayo_uc_score,0.049132279476878656,0.33266733266733267,0.4727812727812728,pos,NS,UC,IBD_biopsy
milk,mayo_uc_score,-0.27885309906062994,0.028971028971028972,0.22777222777222778,neg,NS,UC,IBD_biopsy
milk_cow,mayo_uc_score,-0.33668550143129616,0.015984015984015984,0.22777222777222778,neg,NS,UC,IBD_biopsy
mouse,mayo_uc_score,-0.24493774359963555,0.056943056943056944,0.25764399534891336,neg,NS,UC,IBD_biopsy
mushroom,mayo_uc_score,0.10445497386678051,0.21678321678321677,0.45765345765345766,pos,NS,UC,IBD_biopsy
oat,mayo_uc_score,-0.36603559950222275,0.015984015984015984,0.22777222777222778,neg,NS,UC,IBD_biopsy
onion,mayo_uc_score,-0.006152925193797898,0.5004995004995005,0.514026514026514,neg,NS,UC,IBD_biopsy
orange,mayo_uc_score,-0.18116393365911254,0.04295704295704296,0.25764399534891336,neg,NS,UC,IBD_biopsy
peanut,mayo_uc_score,0.04714476143345045,0.3776223776223776,0.4727812727812728,pos,NS,UC,IBD_biopsy
pear,mayo_uc_score,0.1456813371672815,0.1258741258741259,0.32612841703750794,pos,NS,UC,IBD_biopsy
pepper,mayo_uc_score,-0.28843748537658503,0.025974025974025976,0.22777222777222778,neg,NS,UC,IBD_biopsy
pig,mayo_uc_score,-0.21625402532589888,0.07892107892107893,0.25985282323310493,neg,NS,UC,IBD_biopsy
quinoa,mayo_uc_score,-0.0881896536453022,0.26873126873126874,0.47061761767644117,neg,NS,UC,IBD_biopsy
rice,mayo_uc_score,-0.36873332397227887,0.012987012987012988,0.22777222777222778,neg,NS,UC,IBD_biopsy
shrimp,mayo_uc_score,0.06450131890407933,0.33966033966033965,0.4727812727812728,pos,NS,UC,IBD_biopsy
smelt,mayo_uc_score,-0.3168235248449225,0.015984015984015984,0.22777222777222778,neg,NS,UC,IBD_biopsy
soda,mayo_uc_score,0.06839779827926516,0.23976023976023977,0.47061761767644117,pos,NS,UC,IBD_biopsy
squid,mayo_uc_score,-0.13962016616000078,0.14585414585414586,0.3614646223341875,neg,NS,UC,IBD_biopsy
strawberry,mayo_uc_score,0.046978830202169614,0.37462537462537465,0.4727812727812728,pos,NS,UC,IBD_biopsy
tea,mayo_uc_score,-0.1717584303521879,0.0999000999000999,0.29201567663106126,neg,NS,UC,IBD_biopsy
tomato,mayo_uc_score,-0.34983187591610165,0.01098901098901099,0.22777222777222778,neg,NS,UC,IBD_biopsy
trout,mayo_uc_score,-0.27990741901259797,0.03896103896103896,0.25764399534891336,neg,NS,UC,IBD_biopsy
veal,mayo_uc_score,-0.0023450678813202452,0.5144855144855145,0.5167519704964639,neg,NS,UC,IBD_biopsy
wheat,mayo_uc_score,-0.3395674666958905,0.01998001998001998,0.22777222777222778,neg,NS,UC,IBD_biopsy
worm,mayo_uc_score,-0.11530865851873069,0.19480519480519481,0.42707292707292716,neg,NS,UC,IBD_biopsy
yogurt_cow,mayo_uc_score,-0.2367020461194946,0.04395604395604396,0.25764399534891336,neg,NS,UC,IBD_biopsy
almond,extent_of_uc_score,-0.07600069921877091,0.3016983016983017,0.4727812727812728,neg,NS,UC,IBD_biopsy
apple,extent_of_uc_score,-0.013862302655407797,0.43156843156843155,0.49882117882117877,neg,NS,UC,IBD_biopsy
apple_cider,extent_of_uc_score,0.062038882515271565,0.22577422577422576,0.4637524637524637,pos,NS,UC,IBD_biopsy
avocado,extent_of_uc_score,-0.06461071064750873,0.25874125874125875,0.47061761767644117,neg,NS,UC,IBD_biopsy
banana,extent_of_uc_score,-0.06461071064750873,0.25874125874125875,0.47061761767644117,neg,NS,UC,IBD_biopsy
bean,extent_of_uc_score,0.03211795427480987,0.45454545454545453,0.5054374197231339,pos,NS,UC,IBD_biopsy
beef,extent_of_uc_score,0.014587010457884124,0.4885114885114885,0.514026514026514,pos,NS,UC,IBD_biopsy
blueberry,extent_of_uc_score,-0.05184459791367116,0.33666333666333664,0.4727812727812728,neg,NS,UC,IBD_biopsy
butterfish,extent_of_uc_score,0.00454788384334303,0.5084915084915085,0.5152713952713953,pos,NS,UC,IBD_biopsy
carrot,extent_of_uc_score,0.020564449067407967,0.4645354645354645,0.5054374197231339,pos,NS,UC,IBD_biopsy
cashew,extent_of_uc_score,-0.06855463360314737,0.3146853146853147,0.4727812727812728,neg,NS,UC,IBD_biopsy
chia,extent_of_uc_score,-0.0897615435083623,0.2727272727272727,0.47061761767644117,neg,NS,UC,IBD_biopsy
chicken,extent_of_uc_score,-0.019627642435173426,0.43356643356643354,0.49882117882117877,neg,NS,UC,IBD_biopsy
coffee,extent_of_uc_score,0.052101680634431324,0.34465534465534464,0.4727812727812728,pos,NS,UC,IBD_biopsy
corn,extent_of_uc_score,0.0603057085866959,0.38961038961038963,0.4750329884019724,pos,NS,UC,IBD_biopsy
cream,extent_of_uc_score,-0.088003859086172,0.27672327672327673,0.47061761767644117,neg,NS,UC,IBD_biopsy
cucumber,extent_of_uc_score,-0.08456619191962082,0.26573426573426573,0.47061761767644117,neg,NS,UC,IBD_biopsy
duck,extent_of_uc_score,-0.06880211075091346,0.3146853146853147,0.4727812727812728,neg,NS,UC,IBD_biopsy
egg_chicken,extent_of_uc_score,0.012047569983396268,0.4965034965034965,0.514026514026514,pos,NS,UC,IBD_biopsy
fish_undetermined,extent_of_uc_score,-0.10077610908486244,0.27172827172827174,0.47061761767644117,neg,NS,UC,IBD_biopsy
grain_fermented,extent_of_uc_score,-0.05466067952834961,0.3386613386613387,0.4727812727812728,neg,NS,UC,IBD_biopsy
grape,extent_of_uc_score,-0.07262913557454263,0.2627372627372627,0.47061761767644117,neg,NS,UC,IBD_biopsy
grape_fermented,extent_of_uc_score,-0.01689810981760124,0.3886113886113886,0.4750329884019724,neg,NS,UC,IBD_biopsy
herring,extent_of_uc_score,0.025869420804401952,0.46153846153846156,0.5054374197231339,pos,NS,UC,IBD_biopsy
lamb,extent_of_uc_score,-0.09510239690887436,0.27972027972027974,0.47061761767644117,neg,NS,UC,IBD_biopsy
lemon,extent_of_uc_score,-0.0784748164357758,0.2987012987012987,0.4727812727812728,neg,NS,UC,IBD_biopsy
lentil,extent_of_uc_score,-0.004054807944938836,0.46153846153846156,0.5054374197231339,neg,NS,UC,IBD_biopsy
lettuce,extent_of_uc_score,-0.0533695232829265,0.3386613386613387,0.4727812727812728,neg,NS,UC,IBD_biopsy
lizard,extent_of_uc_score,-0.09009342923275535,0.2857142857142857,0.4720496894409938,neg,NS,UC,IBD_biopsy
mackerel,extent_of_uc_score,0.012564699902578157,0.4915084915084915,0.514026514026514,pos,NS,UC,IBD_biopsy
mandarin,extent_of_uc_score,-0.09781329349807041,0.22377622377622378,0.4637524637524637,neg,NS,UC,IBD_biopsy
meat_undetermined,extent_of_uc_score,-0.07262913557454263,0.2627372627372627,0.47061761767644117,neg,NS,UC,IBD_biopsy
milk,extent_of_uc_score,0.028946418744991986,0.4565434565434565,0.5054374197231339,pos,NS,UC,IBD_biopsy
milk_cow,extent_of_uc_score,0.05452146643725565,0.4045954045954046,0.4816433566433566,pos,NS,UC,IBD_biopsy
mouse,extent_of_uc_score,-0.011529116700603331,0.44555444555444557,0.504030622842504,neg,NS,UC,IBD_biopsy
mushroom,extent_of_uc_score,-0.0909940180654131,0.26873126873126874,0.47061761767644117,neg,NS,UC,IBD_biopsy
oat,extent_of_uc_score,0.048382185393609806,0.4195804195804196,0.4905863367401829,pos,NS,UC,IBD_biopsy
onion,extent_of_uc_score,-0.0426025287628757,0.36363636363636365,0.4727812727812728,neg,NS,UC,IBD_biopsy
orange,extent_of_uc_score,0.003268759895408268,0.5174825174825175,0.5174825174825175,pos,NS,UC,IBD_biopsy
peanut,extent_of_uc_score,-0.09442720661777776,0.2807192807192807,0.47061761767644117,neg,NS,UC,IBD_biopsy
pear,extent_of_uc_score,-0.06461071064750873,0.25874125874125875,0.47061761767644117,neg,NS,UC,IBD_biopsy
pepper,extent_of_uc_score,0.013155417038636992,0.4885114885114885,0.514026514026514,pos,NS,UC,IBD_biopsy
pig,extent_of_uc_score,-0.020350531353602937,0.43656343656343655,0.49882117882117877,neg,NS,UC,IBD_biopsy
quinoa,extent_of_uc_score,-0.03528377858044757,0.3756243756243756,0.4727812727812728,neg,NS,UC,IBD_biopsy
rice,extent_of_uc_score,0.053022542115786116,0.4115884115884116,0.48622879710962613,pos,NS,UC,IBD_biopsy
shrimp,extent_of_uc_score,-0.10036587569697997,0.2727272727272727,0.47061761767644117,neg,NS,UC,IBD_biopsy
smelt,extent_of_uc_score,0.03434456435974147,0.43356643356643354,0.49882117882117877,pos,NS,UC,IBD_biopsy
soda,extent_of_uc_score,-0.054397239244718634,0.2997002997002997,0.4727812727812728,neg,NS,UC,IBD_biopsy
squid,extent_of_uc_score,-0.02563443240239211,0.3996003996003996,0.4816433566433566,neg,NS,UC,IBD_biopsy
strawberry,extent_of_uc_score,-0.08983946776359551,0.2837162837162837,0.4720496894409938,neg,NS,UC,IBD_biopsy
tea,extent_of_uc_score,0.05421146643089914,0.34165834165834164,0.4727812727812728,pos,NS,UC,IBD_biopsy
tomato,extent_of_uc_score,0.06624445416064079,0.37462537462537465,0.4727812727812728,pos,NS,UC,IBD_biopsy
trout,extent_of_uc_score,0.002284816263258667,0.5144855144855145,0.5167519704964639,pos,NS,UC,IBD_biopsy
veal,extent_of_uc_score,-0.0718670703287054,0.3096903096903097,0.4727812727812728,neg,NS,UC,IBD_biopsy
wheat,extent_of_uc_score,0.03530135830915028,0.44655344655344653,0.504030622842504,pos,NS,UC,IBD_biopsy
worm,extent_of_uc_score,-0.02834616111400543,0.40559440559440557,0.4816433566433566,neg,NS,UC,IBD_biopsy
yogurt_cow,extent_of_uc_score,0.05737953467788318,0.36663336663336665,0.4727812727812728,pos,NS,UC,IBD_biopsy
almond,overall_endsocopic_disease_activity_score,0.017784409456863604,0.43756243756243757,0.48536443793360795,pos,NS,CD,IBD_biopsy
apple,overall_endsocopic_disease_activity_score,-0.06786755771129041,0.26173826173826176,0.4832725959486523,neg,NS,CD,IBD_biopsy
apple_cider,overall_endsocopic_disease_activity_score,-0.24242853476469817,0.013986013986013986,0.35600762873490144,neg,NS,CD,IBD_biopsy
avocado,overall_endsocopic_disease_activity_score,0.2947427989780304,9.99000999000999e-4,0.06993006993006994,pos,NS,CD,IBD_biopsy
bean,overall_endsocopic_disease_activity_score,-0.08854203389147389,0.26973026973026976,0.4832725959486523,neg,NS,CD,IBD_biopsy
beef,overall_endsocopic_disease_activity_score,-3.985173987299251e-4,0.5054945054945055,0.5054945054945055,neg,NS,CD,IBD_biopsy
blueberry,overall_endsocopic_disease_activity_score,-0.03244719707011923,0.4005994005994006,0.48536443793360795,neg,NS,CD,IBD_biopsy
butterfish,overall_endsocopic_disease_activity_score,0.007424185936608568,0.47952047952047955,0.4954455138956984,pos,NS,CD,IBD_biopsy
carrot,overall_endsocopic_disease_activity_score,-0.06933689893993475,0.3146853146853147,0.4832725959486523,neg,NS,CD,IBD_biopsy
cashew,overall_endsocopic_disease_activity_score,-0.14875767837561868,0.14385614385614387,0.4832725959486523,neg,NS,CD,IBD_biopsy
chia,overall_endsocopic_disease_activity_score,-0.14875767837561868,0.14385614385614387,0.4832725959486523,neg,NS,CD,IBD_biopsy
chicken,overall_endsocopic_disease_activity_score,0.0732649565411077,0.2867132867132867,0.4832725959486523,pos,NS,CD,IBD_biopsy
coffee,overall_endsocopic_disease_activity_score,-0.1322147068322363,0.15184815184815184,0.4832725959486523,neg,NS,CD,IBD_biopsy
corn,overall_endsocopic_disease_activity_score,-0.08895078324729883,0.27172827172827174,0.4832725959486523,neg,NS,CD,IBD_biopsy
cream,overall_endsocopic_disease_activity_score,0.13366798489040244,0.16283716283716285,0.4832725959486523,pos,NS,CD,IBD_biopsy
cucumber,overall_endsocopic_disease_activity_score,0.06754905118805625,0.27672327672327673,0.4832725959486523,pos,NS,CD,IBD_biopsy
egg_chicken,overall_endsocopic_disease_activity_score,-0.00406618207638057,0.5004995004995005,0.5041002163304322,neg,NS,CD,IBD_biopsy
fish_undetermined,overall_endsocopic_disease_activity_score,0.09032835575315395,0.21178821178821178,0.4832725959486523,pos,NS,CD,IBD_biopsy
grain_fermented,overall_endsocopic_disease_activity_score,-0.15754630217379614,0.04795204795204795,0.4568764568764569,neg,NS,CD,IBD_biopsy
grape,overall_endsocopic_disease_activity_score,-0.07545624058420547,0.13986013986013987,0.4832725959486523,neg,NS,CD,IBD_biopsy
grape_fermented,overall_endsocopic_disease_activity_score,-0.02508377977554628,0.3916083916083916,0.48536443793360795,neg,NS,CD,IBD_biopsy
herring,overall_endsocopic_disease_activity_score,-0.0037827012717125408,0.4925074925074925,0.5014621741894468,neg,NS,CD,IBD_biopsy
lamb,overall_endsocopic_disease_activity_score,0.12808107642133626,0.13886113886113885,0.4832725959486523,pos,NS,CD,IBD_biopsy
lemon,overall_endsocopic_disease_activity_score,0.06958684055421345,0.3086913086913087,0.4832725959486523,pos,NS,CD,IBD_biopsy
lentil,overall_endsocopic_disease_activity_score,-0.022328320206128904,0.42857142857142855,0.48536443793360795,neg,NS,CD,IBD_biopsy
lettuce,overall_endsocopic_disease_activity_score,0.07208899279324865,0.26873126873126874,0.4832725959486523,pos,NS,CD,IBD_biopsy
lizard,overall_endsocopic_disease_activity_score,0.09584359213120047,0.22477522477522477,0.4832725959486523,pos,NS,CD,IBD_biopsy
mackerel,overall_endsocopic_disease_activity_score,0.01631667756904684,0.44455544455544455,0.4854289679192403,pos,NS,CD,IBD_biopsy
milk,overall_endsocopic_disease_activity_score,-0.10846117753634431,0.18581418581418582,0.4832725959486523,neg,NS,CD,IBD_biopsy
milk_cow,overall_endsocopic_disease_activity_score,-0.06683198834390741,0.32167832167832167,0.4832725959486523,neg,NS,CD,IBD_biopsy
mouse,overall_endsocopic_disease_activity_score,0.03293220890501358,0.4005994005994006,0.48536443793360795,pos,NS,CD,IBD_biopsy
mushroom,overall_endsocopic_disease_activity_score,0.0901916186609455,0.24975024975024976,0.4832725959486523,pos,NS,CD,IBD_biopsy
oat,overall_endsocopic_disease_activity_score,-0.086604032543977,0.26873126873126874,0.4832725959486523,neg,NS,CD,IBD_biopsy
onion,overall_endsocopic_disease_activity_score,0.005090597371432998,0.4785214785214785,0.4954455138956984,pos,NS,CD,IBD_biopsy
orange,overall_endsocopic_disease_activity_score,0.0640490223640555,0.24375624375624375,0.4832725959486523,pos,NS,CD,IBD_biopsy
peanut,overall_endsocopic_disease_activity_score,0.15742458957329697,0.13586413586413587,0.4832725959486523,pos,NS,CD,IBD_biopsy
pepper,overall_endsocopic_disease_activity_score,-0.06844195328643343,0.3096903096903097,0.4832725959486523,neg,NS,CD,IBD_biopsy
pig,overall_endsocopic_disease_activity_score,0.057468932836241576,0.32967032967032966,0.4832725959486523,pos,NS,CD,IBD_biopsy
pine nut,overall_endsocopic_disease_activity_score,-0.14875767837561868,0.14385614385614387,0.4832725959486523,neg,NS,CD,IBD_biopsy
quinoa,overall_endsocopic_disease_activity_score,-0.03821748499379471,0.3826173826173826,0.48536443793360795,neg,NS,CD,IBD_biopsy
raspberry,overall_endsocopic_disease_activity_score,0.18287127004770792,0.004995004995004995,0.1998001998001998,pos,NS,CD,IBD_biopsy
rice,overall_endsocopic_disease_activity_score,-0.06676141243253772,0.3226773226773227,0.4832725959486523,neg,NS,CD,IBD_biopsy
shrimp,overall_endsocopic_disease_activity_score,0.077769036284983,0.26873126873126874,0.4832725959486523,pos,NS,CD,IBD_biopsy
silversides,overall_endsocopic_disease_activity_score,0.04536882327481723,0.2627372627372627,0.4832725959486523,pos,NS,CD,IBD_biopsy
smelt,overall_endsocopic_disease_activity_score,0.015600584784899785,0.4515484515484515,0.4854915199742786,pos,NS,CD,IBD_biopsy
soda,overall_endsocopic_disease_activity_score,0.06823136375268865,0.26073926073926074,0.4832725959486523,pos,NS,CD,IBD_biopsy
squid,overall_endsocopic_disease_activity_score,0.01469905638307653,0.4325674325674326,0.48536443793360795,pos,NS,CD,IBD_biopsy
strawberry,overall_endsocopic_disease_activity_score,0.1668703320945708,0.08391608391608392,0.4832725959486523,pos,NS,CD,IBD_biopsy
tea,overall_endsocopic_disease_activity_score,-0.10684375228755603,0.2087912087912088,0.4832725959486523,neg,NS,CD,IBD_biopsy
tomato,overall_endsocopic_disease_activity_score,-0.16099361813255422,0.12687312687312688,0.4832725959486523,neg,NS,CD,IBD_biopsy
trout,overall_endsocopic_disease_activity_score,0.006696739424666975,0.4775224775224775,0.4954455138956984,pos,NS,CD,IBD_biopsy
veal,overall_endsocopic_disease_activity_score,-0.07545624058420547,0.13986013986013987,0.4832725959486523,neg,NS,CD,IBD_biopsy
walnut,overall_endsocopic_disease_activity_score,-0.14875767837561868,0.14385614385614387,0.4832725959486523,neg,NS,CD,IBD_biopsy
wheat,overall_endsocopic_disease_activity_score,-0.049205226408093466,0.37362637362637363,0.48536443793360795,neg,NS,CD,IBD_biopsy
worm,overall_endsocopic_disease_activity_score,-0.01927235719962181,0.4355644355644356,0.48536443793360795,neg,NS,CD,IBD_biopsy
yogurt_cow,overall_endsocopic_disease_activity_score,-0.12918641252506063,0.17082917082917082,0.4832725959486523,neg,NS,CD,IBD_biopsy
almond,segmental_ses_cd_score,0.002185274493100506,0.45254745254745254,0.4854915199742786,pos,NS,CD,IBD_biopsy
apple,segmental_ses_cd_score,-0.10047854487437927,0.17882117882117882,0.4832725959486523,neg,NS,CD,IBD_biopsy
apple_cider,segmental_ses_cd_score,-0.2589467378207634,0.007992007992007992,0.24864024864024864,neg,NS,CD,IBD_biopsy
avocado,segmental_ses_cd_score,0.2865918222705075,9.99000999000999e-4,0.06993006993006994,pos,NS,CD,IBD_biopsy
bean,segmental_ses_cd_score,-0.13580244310104586,0.1878121878121878,0.4832725959486523,neg,NS,CD,IBD_biopsy
beef,segmental_ses_cd_score,-0.05143505198155007,0.3866133866133866,0.48536443793360795,neg,NS,CD,IBD_biopsy
blueberry,segmental_ses_cd_score,-0.0697088823236861,0.2957042957042957,0.4832725959486523,neg,NS,CD,IBD_biopsy
butterfish,segmental_ses_cd_score,-0.03345938532705195,0.4245754245754246,0.48536443793360795,neg,NS,CD,IBD_biopsy
carrot,segmental_ses_cd_score,-0.11410054140065484,0.22777222777222778,0.4832725959486523,neg,NS,CD,IBD_biopsy
cashew,segmental_ses_cd_score,-0.15939700014477343,0.04895104895104895,0.4568764568764569,neg,NS,CD,IBD_biopsy
chia,segmental_ses_cd_score,-0.15939700014477343,0.04895104895104895,0.4568764568764569,neg,NS,CD,IBD_biopsy
chicken,segmental_ses_cd_score,0.02584177879392177,0.3886113886113886,0.48536443793360795,pos,NS,CD,IBD_biopsy
coffee,segmental_ses_cd_score,-0.1536803694606987,0.13886113886113885,0.4832725959486523,neg,NS,CD,IBD_biopsy
corn,segmental_ses_cd_score,-0.13439275314048907,0.18081918081918083,0.4832725959486523,neg,NS,CD,IBD_biopsy
cream,segmental_ses_cd_score,0.09795939548934908,0.21978021978021978,0.4832725959486523,pos,NS,CD,IBD_biopsy
cucumber,segmental_ses_cd_score,0.04310719743352229,0.3226773226773227,0.4832725959486523,pos,NS,CD,IBD_biopsy
egg_chicken,segmental_ses_cd_score,-0.054054958878634096,0.3776223776223776,0.48536443793360795,neg,NS,CD,IBD_biopsy
fish_undetermined,segmental_ses_cd_score,0.05995612349152331,0.2817182817182817,0.4832725959486523,pos,NS,CD,IBD_biopsy
grain_fermented,segmental_ses_cd_score,-0.18467080442091882,0.02197802197802198,0.3770142900577683,neg,NS,CD,IBD_biopsy
grape,segmental_ses_cd_score,-0.08766468591108467,0.07692307692307693,0.4832725959486523,neg,NS,CD,IBD_biopsy
grape_fermented,segmental_ses_cd_score,-0.05289878951372258,0.3046953046953047,0.4832725959486523,neg,NS,CD,IBD_biopsy
herring,segmental_ses_cd_score,-0.05135852360540763,0.3776223776223776,0.48536443793360795,neg,NS,CD,IBD_biopsy
lamb,segmental_ses_cd_score,0.09958455486894437,0.1928071928071928,0.4832725959486523,pos,NS,CD,IBD_biopsy
lemon,segmental_ses_cd_score,0.03820578956249639,0.34865134865134867,0.4832725959486523,pos,NS,CD,IBD_biopsy
lentil,segmental_ses_cd_score,-0.06259091203850586,0.32667332667332666,0.4832725959486523,neg,NS,CD,IBD_biopsy
lettuce,segmental_ses_cd_score,0.04072271601272641,0.3166833166833167,0.4832725959486523,pos,NS,CD,IBD_biopsy
lizard,segmental_ses_cd_score,0.05536338350106301,0.3006993006993007,0.4832725959486523,pos,NS,CD,IBD_biopsy
mackerel,segmental_ses_cd_score,-0.03446350428614875,0.4325674325674326,0.48536443793360795,neg,NS,CD,IBD_biopsy
milk,segmental_ses_cd_score,-0.14125249580169202,0.13086913086913088,0.4832725959486523,neg,NS,CD,IBD_biopsy
milk_cow,segmental_ses_cd_score,-0.10549505961997158,0.24475524475524477,0.4832725959486523,neg,NS,CD,IBD_biopsy
mouse,segmental_ses_cd_score,-0.01732696586741142,0.4905094905094905,0.501250574243275,neg,NS,CD,IBD_biopsy
mushroom,segmental_ses_cd_score,0.05543875217404823,0.3036963036963037,0.4832725959486523,pos,NS,CD,IBD_biopsy
oat,segmental_ses_cd_score,-0.1320610007324639,0.1878121878121878,0.4832725959486523,neg,NS,CD,IBD_biopsy
onion,segmental_ses_cd_score,-0.027183618189970143,0.44555444555444557,0.4854289679192403,neg,NS,CD,IBD_biopsy
orange,segmental_ses_cd_score,0.032014322777759896,0.34265734265734266,0.4832725959486523,pos,NS,CD,IBD_biopsy
peanut,segmental_ses_cd_score,0.11962670543669579,0.2047952047952048,0.4832725959486523,pos,NS,CD,IBD_biopsy
pepper,segmental_ses_cd_score,-0.11119341913108638,0.22577422577422576,0.4832725959486523,neg,NS,CD,IBD_biopsy
pig,segmental_ses_cd_score,0.00834542441917524,0.45054945054945056,0.4854915199742786,pos,NS,CD,IBD_biopsy
pine nut,segmental_ses_cd_score,-0.15939700014477343,0.04895104895104895,0.4568764568764569,neg,NS,CD,IBD_biopsy
quinoa,segmental_ses_cd_score,-0.08001433497274946,0.2727272727272727,0.4832725959486523,neg,NS,CD,IBD_biopsy
raspberry,segmental_ses_cd_score,0.17697948132696478,0.01898101898101898,0.3770142900577683,pos,NS,CD,IBD_biopsy
rice,segmental_ses_cd_score,-0.11217637203812372,0.22677322677322678,0.4832725959486523,neg,NS,CD,IBD_biopsy
shrimp,segmental_ses_cd_score,0.03734991946371538,0.35264735264735264,0.4832725959486523,pos,NS,CD,IBD_biopsy
silversides,segmental_ses_cd_score,0.02099488963118286,0.33266733266733267,0.4832725959486523,pos,NS,CD,IBD_biopsy
smelt,segmental_ses_cd_score,-0.029513193873396543,0.43456543456543456,0.48536443793360795,neg,NS,CD,IBD_biopsy
soda,segmental_ses_cd_score,0.03768751555024044,0.30569430569430567,0.4832725959486523,pos,NS,CD,IBD_biopsy
squid,segmental_ses_cd_score,-0.02733761495265144,0.4435564435564436,0.4854289679192403,neg,NS,CD,IBD_biopsy
strawberry,segmental_ses_cd_score,0.1377674917198792,0.15384615384615385,0.4832725959486523,pos,NS,CD,IBD_biopsy
tea,segmental_ses_cd_score,-0.11522810714967688,0.22277722277722278,0.4832725959486523,neg,NS,CD,IBD_biopsy
tomato,segmental_ses_cd_score,-0.20079729904884458,0.06793206793206794,0.4832725959486523,neg,NS,CD,IBD_biopsy
trout,segmental_ses_cd_score,-0.04499883890379025,0.4035964035964036,0.48536443793360795,neg,NS,CD,IBD_biopsy
veal,segmental_ses_cd_score,-0.08766468591108467,0.07692307692307693,0.4832725959486523,neg,NS,CD,IBD_biopsy
walnut,segmental_ses_cd_score,-0.15939700014477343,0.04895104895104895,0.4568764568764569,neg,NS,CD,IBD_biopsy
wheat,segmental_ses_cd_score,-0.0954437818065729,0.25774225774225773,0.4832725959486523,neg,NS,CD,IBD_biopsy
worm,segmental_ses_cd_score,-0.058885254479639104,0.34065934065934067,0.4832725959486523,neg,NS,CD,IBD_biopsy
yogurt_cow,segmental_ses_cd_score,-0.15971612619542658,0.14785214785214784,0.4832725959486523,neg,NS,CD,IBD_biopsy
almond,ses_cd_avg_per_segment,0.04468751425739352,0.3116883116883117,0.4832725959486523,pos,NS,CD,IBD_biopsy
apple,ses_cd_avg_per_segment,-0.04835219642583474,0.32967032967032966,0.4832725959486523,neg,NS,CD,IBD_biopsy
apple_cider,ses_cd_avg_per_segment,-0.30528424395168763,0.001998001998001998,0.11188811188811189,neg,NS,CD,IBD_biopsy
avocado,ses_cd_avg_per_segment,0.40860149996668005,9.99000999000999e-4,0.06993006993006994,pos,NS,CD,IBD_biopsy
bean,ses_cd_avg_per_segment,-0.05682920727455981,0.36363636363636365,0.4832725959486523,neg,NS,CD,IBD_biopsy
beef,ses_cd_avg_per_segment,0.06713900711789472,0.31368631368631367,0.4832725959486523,pos,NS,CD,IBD_biopsy
blueberry,ses_cd_avg_per_segment,0.005619133744944327,0.46153846153846156,0.4876632801161103,pos,NS,CD,IBD_biopsy
butterfish,ses_cd_avg_per_segment,0.06423343164191234,0.2757242757242757,0.4832725959486523,pos,NS,CD,IBD_biopsy
carrot,ses_cd_avg_per_segment,-0.034220264106784526,0.42357642357642356,0.48536443793360795,neg,NS,CD,IBD_biopsy
cashew,ses_cd_avg_per_segment,-0.18665917606522153,0.030969030969030968,0.3770142900577683,neg,NS,CD,IBD_biopsy
chia,ses_cd_avg_per_segment,-0.18665917606522153,0.030969030969030968,0.3770142900577683,neg,NS,CD,IBD_biopsy
chicken,ses_cd_avg_per_segment,0.16176575851902072,0.1068931068931069,0.4832725959486523,pos,NS,CD,IBD_biopsy
coffee,ses_cd_avg_per_segment,-0.14997609083753421,0.13786213786213786,0.4832725959486523,neg,NS,CD,IBD_biopsy
corn,ses_cd_avg_per_segment,-0.05979220303336502,0.35764235764235763,0.4832725959486523,neg,NS,CD,IBD_biopsy
cream,ses_cd_avg_per_segment,0.22775323503521794,0.06293706293706294,0.4832725959486523,pos,NS,CD,IBD_biopsy
cucumber,ses_cd_avg_per_segment,0.12357709496030948,0.16483516483516483,0.4832725959486523,pos,NS,CD,IBD_biopsy
egg_chicken,ses_cd_avg_per_segment,0.06079965050727698,0.33166833166833165,0.4832725959486523,pos,NS,CD,IBD_biopsy
fish_undetermined,ses_cd_avg_per_segment,0.16218462782503915,0.11288711288711288,0.4832725959486523,pos,NS,CD,IBD_biopsy
grain_fermented,ses_cd_avg_per_segment,-0.17666041394710885,0.017982017982017984,0.3770142900577683,neg,NS,CD,IBD_biopsy
grape,ses_cd_avg_per_segment,-0.08564882457494523,0.07892107892107893,0.4832725959486523,neg,NS,CD,IBD_biopsy
grape_fermented,ses_cd_avg_per_segment,0.003030264312949227,0.46353646353646355,0.48793311951206686,pos,NS,CD,IBD_biopsy
herring,ses_cd_avg_per_segment,0.05798255226009946,0.3246753246753247,0.4832725959486523,pos,NS,CD,IBD_biopsy
lamb,ses_cd_avg_per_segment,0.210649448160262,0.058941058941058944,0.4832725959486523,pos,NS,CD,IBD_biopsy
lemon,ses_cd_avg_per_segment,0.1355290545760231,0.18981018981018982,0.4832725959486523,pos,NS,CD,IBD_biopsy
lentil,ses_cd_avg_per_segment,0.023255189877827903,0.41058941058941056,0.48536443793360795,pos,NS,CD,IBD_biopsy
lettuce,ses_cd_avg_per_segment,0.13888643617312307,0.15484515484515485,0.4832725959486523,pos,NS,CD,IBD_biopsy
lizard,ses_cd_avg_per_segment,0.1830317956620044,0.0939060939060939,0.4832725959486523,pos,NS,CD,IBD_biopsy
mackerel,ses_cd_avg_per_segment,0.08935835426294148,0.25374625374625376,0.4832725959486523,pos,NS,CD,IBD_biopsy
milk,ses_cd_avg_per_segment,-0.10289932522890619,0.2007992007992008,0.4832725959486523,neg,NS,CD,IBD_biopsy
milk_cow,ses_cd_avg_per_segment,-0.03892921418414513,0.41358641358641357,0.48536443793360795,neg,NS,CD,IBD_biopsy
mouse,ses_cd_avg_per_segment,0.11109224846886301,0.1978021978021978,0.4832725959486523,pos,NS,CD,IBD_biopsy
mushroom,ses_cd_avg_per_segment,0.16780901174705995,0.12787212787212787,0.4832725959486523,pos,NS,CD,IBD_biopsy
oat,ses_cd_avg_per_segment,-0.056605075836121566,0.36163836163836166,0.4832725959486523,neg,NS,CD,IBD_biopsy
onion,ses_cd_avg_per_segment,0.04966754429658604,0.32367632367632365,0.4832725959486523,pos,NS,CD,IBD_biopsy
orange,ses_cd_avg_per_segment,0.12892183305226512,0.08291708291708291,0.4832725959486523,pos,NS,CD,IBD_biopsy
peanut,ses_cd_avg_per_segment,0.2625863001638916,0.057942057942057944,0.4832725959486523,pos,NS,CD,IBD_biopsy
pepper,ses_cd_avg_per_segment,-0.035680662343442526,0.4205794205794206,0.48536443793360795,neg,NS,CD,IBD_biopsy
pig,ses_cd_avg_per_segment,0.14270173297781344,0.13186813186813187,0.4832725959486523,pos,NS,CD,IBD_biopsy
pine nut,ses_cd_avg_per_segment,-0.18665917606522153,0.030969030969030968,0.3770142900577683,neg,NS,CD,IBD_biopsy
quinoa,ses_cd_avg_per_segment,0.0038452385759544794,0.47352647352647353,0.49472915144556934,pos,NS,CD,IBD_biopsy
raspberry,ses_cd_avg_per_segment,0.25462084355973547,0.00999000999000999,0.27972027972027974,pos,NS,CD,IBD_biopsy
rice,ses_cd_avg_per_segment,-0.029880639960625066,0.4195804195804196,0.48536443793360795,neg,NS,CD,IBD_biopsy
shrimp,ses_cd_avg_per_segment,0.15855687154428627,0.14185814185814186,0.4832725959486523,pos,NS,CD,IBD_biopsy
silversides,ses_cd_avg_per_segment,0.09355198920156184,0.0999000999000999,0.4832725959486523,pos,NS,CD,IBD_biopsy
smelt,ses_cd_avg_per_segment,0.08087797745430675,0.24175824175824176,0.4832725959486523,pos,NS,CD,IBD_biopsy
soda,ses_cd_avg_per_segment,0.13258949565024736,0.11988011988011989,0.4832725959486523,pos,NS,CD,IBD_biopsy
squid,ses_cd_avg_per_segment,0.0755808603897836,0.27972027972027974,0.4832725959486523,pos,NS,CD,IBD_biopsy
strawberry,ses_cd_avg_per_segment,0.26380449287667507,0.04595404595404595,0.4568764568764569,pos,NS,CD,IBD_biopsy
tea,ses_cd_avg_per_segment,-0.13308119105628444,0.1798201798201798,0.4832725959486523,neg,NS,CD,IBD_biopsy
tomato,ses_cd_avg_per_segment,-0.164499815389847,0.1038961038961039,0.4832725959486523,neg,NS,CD,IBD_biopsy
trout,ses_cd_avg_per_segment,0.07758888238160566,0.2807192807192807,0.4832725959486523,pos,NS,CD,IBD_biopsy
veal,ses_cd_avg_per_segment,-0.08564882457494523,0.07892107892107893,0.4832725959486523,neg,NS,CD,IBD_biopsy
walnut,ses_cd_avg_per_segment,-0.18665917606522153,0.030969030969030968,0.3770142900577683,neg,NS,CD,IBD_biopsy
wheat,ses_cd_avg_per_segment,-0.0050942055690346155,0.5044955044955045,0.5054945054945055,neg,NS,CD,IBD_biopsy
worm,ses_cd_avg_per_segment,0.026518075208494474,0.3916083916083916,0.48536443793360795,pos,NS,CD,IBD_biopsy
yogurt_cow,ses_cd_avg_per_segment,-0.13386966216581575,0.17582417582417584,0.4832725959486523,neg,NS,CD,IBD_biopsy
almond,total_ses_cd_score,0.04468751425739352,0.32867132867132864,0.4832725959486523,pos,NS,CD,IBD_biopsy
apple,total_ses_cd_score,-0.04835219642583474,0.34165834165834164,0.4832725959486523,neg,NS,CD,IBD_biopsy
apple_cider,total_ses_cd_score,-0.30528424395168763,0.003996003996003996,0.18648018648018647,neg,NS,CD,IBD_biopsy
avocado,total_ses_cd_score,0.40860149996668005,9.99000999000999e-4,0.06993006993006994,pos,NS,CD,IBD_biopsy
bean,total_ses_cd_score,-0.05682920727455981,0.35564435564435565,0.4832725959486523,neg,NS,CD,IBD_biopsy
beef,total_ses_cd_score,0.06713900711789472,0.30569430569430567,0.4832725959486523,pos,NS,CD,IBD_biopsy
blueberry,total_ses_cd_score,0.005619133744944327,0.46053946053946054,0.4876632801161103,pos,NS,CD,IBD_biopsy
butterfish,total_ses_cd_score,0.06423343164191234,0.2627372627372627,0.4832725959486523,pos,NS,CD,IBD_biopsy
carrot,total_ses_cd_score,-0.034220264106784526,0.4205794205794206,0.48536443793360795,neg,NS,CD,IBD_biopsy
cashew,total_ses_cd_score,-0.18665917606522153,0.026973026973026972,0.3770142900577683,neg,NS,CD,IBD_biopsy
chia,total_ses_cd_score,-0.18665917606522153,0.026973026973026972,0.3770142900577683,neg,NS,CD,IBD_biopsy
chicken,total_ses_cd_score,0.16176575851902072,0.11388611388611389,0.4832725959486523,pos,NS,CD,IBD_biopsy
coffee,total_ses_cd_score,-0.14997609083753421,0.15284715284715283,0.4832725959486523,neg,NS,CD,IBD_biopsy
corn,total_ses_cd_score,-0.05979220303336502,0.35564435564435565,0.4832725959486523,neg,NS,CD,IBD_biopsy
cream,total_ses_cd_score,0.22775323503521794,0.060939060939060936,0.4832725959486523,pos,NS,CD,IBD_biopsy
cucumber,total_ses_cd_score,0.12357709496030948,0.14385614385614387,0.4832725959486523,pos,NS,CD,IBD_biopsy
egg_chicken,total_ses_cd_score,0.06079965050727698,0.3066933066933067,0.4832725959486523,pos,NS,CD,IBD_biopsy
fish_undetermined,total_ses_cd_score,0.16218462782503915,0.0999000999000999,0.4832725959486523,pos,NS,CD,IBD_biopsy
grain_fermented,total_ses_cd_score,-0.17666041394710885,0.026973026973026972,0.3770142900577683,neg,NS,CD,IBD_biopsy
grape,total_ses_cd_score,-0.08564882457494523,0.07292707292707293,0.4832725959486523,neg,NS,CD,IBD_biopsy
grape_fermented,total_ses_cd_score,0.003030264312949227,0.4565434565434565,0.4876632801161103,pos,NS,CD,IBD_biopsy
herring,total_ses_cd_score,0.05798255226009946,0.3096903096903097,0.4832725959486523,pos,NS,CD,IBD_biopsy
lamb,total_ses_cd_score,0.210649448160262,0.06293706293706294,0.4832725959486523,pos,NS,CD,IBD_biopsy
lemon,total_ses_cd_score,0.1355290545760231,0.16883116883116883,0.4832725959486523,pos,NS,CD,IBD_biopsy
lentil,total_ses_cd_score,0.023255189877827903,0.4085914085914086,0.48536443793360795,pos,NS,CD,IBD_biopsy
lettuce,total_ses_cd_score,0.13888643617312307,0.14085914085914086,0.4832725959486523,pos,NS,CD,IBD_biopsy
lizard,total_ses_cd_score,0.1830317956620044,0.09290709290709291,0.4832725959486523,pos,NS,CD,IBD_biopsy
mackerel,total_ses_cd_score,0.08935835426294148,0.2517482517482518,0.4832725959486523,pos,NS,CD,IBD_biopsy
milk,total_ses_cd_score,-0.10289932522890619,0.21478521478521478,0.4832725959486523,neg,NS,CD,IBD_biopsy
milk_cow,total_ses_cd_score,-0.03892921418414513,0.4095904095904096,0.48536443793360795,neg,NS,CD,IBD_biopsy
mouse,total_ses_cd_score,0.11109224846886301,0.1978021978021978,0.4832725959486523,pos,NS,CD,IBD_biopsy
mushroom,total_ses_cd_score,0.16780901174705995,0.11688311688311688,0.4832725959486523,pos,NS,CD,IBD_biopsy
oat,total_ses_cd_score,-0.056605075836121566,0.35864135864135865,0.4832725959486523,neg,NS,CD,IBD_biopsy
onion,total_ses_cd_score,0.04966754429658604,0.3106893106893107,0.4832725959486523,pos,NS,CD,IBD_biopsy
orange,total_ses_cd_score,0.12892183305226512,0.08691308691308691,0.4832725959486523,pos,NS,CD,IBD_biopsy
peanut,total_ses_cd_score,0.2625863001638916,0.052947052947052944,0.47823144597338146,pos,NS,CD,IBD_biopsy
pepper,total_ses_cd_score,-0.035680662343442526,0.4075924075924076,0.48536443793360795,neg,NS,CD,IBD_biopsy
pig,total_ses_cd_score,0.14270173297781344,0.14485514485514486,0.4832725959486523,pos,NS,CD,IBD_biopsy
pine nut,total_ses_cd_score,-0.18665917606522153,0.026973026973026972,0.3770142900577683,neg,NS,CD,IBD_biopsy
quinoa,total_ses_cd_score,0.0038452385759544794,0.46653346653346656,0.48924857913621955,pos,NS,CD,IBD_biopsy
raspberry,total_ses_cd_score,0.25462084355973547,0.006993006993006993,0.24475524475524477,pos,NS,CD,IBD_biopsy
rice,total_ses_cd_score,-0.029880639960625066,0.42157842157842157,0.48536443793360795,neg,NS,CD,IBD_biopsy
shrimp,total_ses_cd_score,0.15855687154428627,0.13186813186813187,0.4832725959486523,pos,NS,CD,IBD_biopsy
silversides,total_ses_cd_score,0.09355198920156184,0.1068931068931069,0.4832725959486523,pos,NS,CD,IBD_biopsy
smelt,total_ses_cd_score,0.08087797745430675,0.24175824175824176,0.4832725959486523,pos,NS,CD,IBD_biopsy
soda,total_ses_cd_score,0.13258949565024736,0.1028971028971029,0.4832725959486523,pos,NS,CD,IBD_biopsy
squid,total_ses_cd_score,0.0755808603897836,0.26673326673326675,0.4832725959486523,pos,NS,CD,IBD_biopsy
strawberry,total_ses_cd_score,0.26380449287667507,0.03396603396603397,0.3962703962703963,pos,NS,CD,IBD_biopsy
tea,total_ses_cd_score,-0.13308119105628444,0.2047952047952048,0.4832725959486523,neg,NS,CD,IBD_biopsy
tomato,total_ses_cd_score,-0.164499815389847,0.11788211788211789,0.4832725959486523,neg,NS,CD,IBD_biopsy
trout,total_ses_cd_score,0.07758888238160566,0.2817182817182817,0.4832725959486523,pos,NS,CD,IBD_biopsy
veal,total_ses_cd_score,-0.08564882457494523,0.07292707292707293,0.4832725959486523,neg,NS,CD,IBD_biopsy
walnut,total_ses_cd_score,-0.18665917606522153,0.026973026973026972,0.3770142900577683,neg,NS,CD,IBD_biopsy
wheat,total_ses_cd_score,-0.0050942055690346155,0.4975024975024975,0.5028906111938602,neg,NS,CD,IBD_biopsy
worm,total_ses_cd_score,0.026518075208494474,0.38961038961038963,0.48536443793360795,pos,NS,CD,IBD_biopsy
yogurt_cow,total_ses_cd_score,-0.13386966216581575,0.2017982017982018,0.4832725959486523,neg,NS,CD,IBD_biopsy
almond,montreal_cd_score,-0.01993352150476964,0.4825174825174825,0.4967091731797613,neg,NS,CD,IBD_biopsy
apple,montreal_cd_score,-0.0628281194297576,0.3096903096903097,0.4832725959486523,neg,NS,CD,IBD_biopsy
apple_cider,montreal_cd_score,-0.07372427535024549,0.24275724275724275,0.4832725959486523,neg,NS,CD,IBD_biopsy
avocado,montreal_cd_score,0.04707205476880276,0.15184815184815184,0.4832725959486523,pos,NS,CD,IBD_biopsy
bean,montreal_cd_score,-0.08907536267327705,0.3026973026973027,0.4832725959486523,neg,NS,CD,IBD_biopsy
beef,montreal_cd_score,-0.07701618703518323,0.3276723276723277,0.4832725959486523,neg,NS,CD,IBD_biopsy
blueberry,montreal_cd_score,-0.06270545361403826,0.3166833166833167,0.4832725959486523,neg,NS,CD,IBD_biopsy
butterfish,montreal_cd_score,-0.06013547824420193,0.34665334665334663,0.4832725959486523,neg,NS,CD,IBD_biopsy
carrot,montreal_cd_score,-0.08144377121776619,0.3176823176823177,0.4832725959486523,neg,NS,CD,IBD_biopsy
cashew,montreal_cd_score,-0.04599731660245251,0.3676323676323676,0.4832725959486523,neg,NS,CD,IBD_biopsy
chia,montreal_cd_score,-0.04599731660245251,0.3676323676323676,0.4832725959486523,neg,NS,CD,IBD_biopsy
chicken,montreal_cd_score,-0.0567337971628678,0.37662337662337664,0.48536443793360795,neg,NS,CD,IBD_biopsy
coffee,montreal_cd_score,-0.058986023061912515,0.34165834165834164,0.4832725959486523,neg,NS,CD,IBD_biopsy
corn,montreal_cd_score,-0.08641644372448871,0.2997002997002997,0.4832725959486523,neg,NS,CD,IBD_biopsy
cream,montreal_cd_score,-0.026909634628493197,0.4515484515484515,0.4854915199742786,neg,NS,CD,IBD_biopsy
cucumber,montreal_cd_score,-0.023241341459326322,0.44455544455544455,0.4854289679192403,neg,NS,CD,IBD_biopsy
egg_chicken,montreal_cd_score,-0.07617537114377324,0.33466533466533466,0.4832725959486523,neg,NS,CD,IBD_biopsy
fish_undetermined,montreal_cd_score,-0.027593583589391932,0.4385614385614386,0.48536443793360795,neg,NS,CD,IBD_biopsy
grain_fermented,montreal_cd_score,-0.07261816876073668,0.22977022977022976,0.4832725959486523,neg,NS,CD,IBD_biopsy
grape,montreal_cd_score,-0.03360026045378695,0.30569430569430567,0.4832725959486523,neg,NS,CD,IBD_biopsy
grape_fermented,montreal_cd_score,-0.0469819482705204,0.34465534465534464,0.4832725959486523,neg,NS,CD,IBD_biopsy
herring,montreal_cd_score,-0.07248082889637965,0.32867132867132864,0.4832725959486523,neg,NS,CD,IBD_biopsy
lamb,montreal_cd_score,-0.01716284424390005,0.48951048951048953,0.501250574243275,neg,NS,CD,IBD_biopsy
lemon,montreal_cd_score,-0.03329155899083695,0.4325674325674326,0.48536443793360795,neg,NS,CD,IBD_biopsy
lentil,montreal_cd_score,-0.06519134375610305,0.3106893106893107,0.4832725959486523,neg,NS,CD,IBD_biopsy
lettuce,montreal_cd_score,-0.03276536925529058,0.4145854145854146,0.48536443793360795,neg,NS,CD,IBD_biopsy
lizard,montreal_cd_score,-0.04172029688697304,0.41058941058941056,0.48536443793360795,neg,NS,CD,IBD_biopsy
mackerel,montreal_cd_score,-0.07326340599696078,0.34965034965034963,0.4832725959486523,neg,NS,CD,IBD_biopsy
milk,montreal_cd_score,-0.07127526839340997,0.2997002997002997,0.4832725959486523,neg,NS,CD,IBD_biopsy
milk_cow,montreal_cd_score,-0.07174288351923166,0.3276723276723277,0.4832725959486523,neg,NS,CD,IBD_biopsy
mouse,montreal_cd_score,-0.06913173870635833,0.34865134865134867,0.4832725959486523,neg,NS,CD,IBD_biopsy
mushroom,montreal_cd_score,-0.03422478625784026,0.4325674325674326,0.48536443793360795,neg,NS,CD,IBD_biopsy
oat,montreal_cd_score,-0.08596643199581708,0.2967032967032967,0.4832725959486523,neg,NS,CD,IBD_biopsy
onion,montreal_cd_score,-0.04762712289205983,0.3646353646353646,0.4832725959486523,neg,NS,CD,IBD_biopsy
orange,montreal_cd_score,-0.035392195705351036,0.3986013986013986,0.48536443793360795,neg,NS,CD,IBD_biopsy
peanut,montreal_cd_score,-0.025274744749328948,0.46053946053946054,0.4876632801161103,neg,NS,CD,IBD_biopsy
pepper,montreal_cd_score,-0.07823024337911298,0.3196803196803197,0.4832725959486523,neg,NS,CD,IBD_biopsy
pig,montreal_cd_score,-0.06247821288217444,0.3626373626373626,0.4832725959486523,neg,NS,CD,IBD_biopsy
pine nut,montreal_cd_score,-0.04599731660245251,0.3676323676323676,0.4832725959486523,neg,NS,CD,IBD_biopsy
quinoa,montreal_cd_score,-0.07070416855034593,0.2997002997002997,0.4832725959486523,neg,NS,CD,IBD_biopsy
raspberry,montreal_cd_score,0.0279474690637033,0.20279720279720279,0.4832725959486523,pos,NS,CD,IBD_biopsy
rice,montreal_cd_score,-0.08190692362442549,0.3096903096903097,0.4832725959486523,neg,NS,CD,IBD_biopsy
shrimp,montreal_cd_score,-0.045268307465484894,0.40559440559440557,0.48536443793360795,neg,NS,CD,IBD_biopsy
silversides,montreal_cd_score,-0.02760591572444197,0.38961038961038963,0.48536443793360795,neg,NS,CD,IBD_biopsy
smelt,montreal_cd_score,-0.06486570281489837,0.33766233766233766,0.4832725959486523,neg,NS,CD,IBD_biopsy
soda,montreal_cd_score,-0.03230248751714865,0.40559440559440557,0.48536443793360795,neg,NS,CD,IBD_biopsy
squid,montreal_cd_score,-0.060408625157611355,0.34865134865134867,0.4832725959486523,neg,NS,CD,IBD_biopsy
strawberry,montreal_cd_score,-0.010264932498361821,0.4955044955044955,0.5026857200770244,neg,NS,CD,IBD_biopsy
tea,montreal_cd_score,-0.034156819576186485,0.3906093906093906,0.48536443793360795,neg,NS,CD,IBD_biopsy
tomato,montreal_cd_score,-0.0924258894907284,0.27172827172827174,0.4832725959486523,neg,NS,CD,IBD_biopsy
trout,montreal_cd_score,-0.07658073306822151,0.33666333666333664,0.4832725959486523,neg,NS,CD,IBD_biopsy
veal,montreal_cd_score,-0.03360026045378695,0.30569430569430567,0.4832725959486523,neg,NS,CD,IBD_biopsy
walnut,montreal_cd_score,-0.04599731660245251,0.3676323676323676,0.4832725959486523,neg,NS,CD,IBD_biopsy
wheat,montreal_cd_score,-0.0796127596805913,0.3176823176823177,0.4832725959486523,neg,NS,CD,IBD_biopsy
worm,montreal_cd_score,-0.06359649801949106,0.32867132867132864,0.4832725959486523,neg,NS,CD,IBD_biopsy
yogurt_cow,montreal_cd_score,-0.07203990748935961,0.33266733266733267,0.4832725959486523,neg,NS,CD,IBD_biopsy
